D.O.,PH,CONDUCTIVITY,B.O.D.,NITRATE N+ NITRITEN,FECAL COLIFORM,TOTAL COLIFORM
6.7,7.5,203,,0.1,11,27
5.7,7.2,189,2,0.2,4953,8391
6.3,6.9,179,1.7,0.1,3243,5330
5.8,6.9,64,3.8,0.5,5382,8443
5.8,7.3,83,1.9,0.4,3428,5500
5.5,7.4,81,1.5,0.1,2853,4049
6.1,6.7,308,1.4,0.3,3355,5672
6.4,6.7,414,1,0.2,6073,9423
6.4,7.6,305,2.2,0.1,3478,4990
6.3,7.6,77,2.3,0.1,2606,4301
7.1,7.1,176,1.2,0.1,4573,7817
6.7,6.4,93,1.4,0.1,2147,3433
7.4,6.8,121,1.7,0.4,11633,18125
6.9,7,620,1.1,0.1,3500,6300
6,7.5,72,1.6,0.2,4995,9517
7.3,7,247,1.5,0.2,1095,2453
7.3,7,188,1,0.1,1286,3048
7,6.9,224,1.2,0.3,3896,6742
7.3,6.7,144,1.5,0.1,1940,3052
5.3,6.8,319,1.8,0.3,6458,10250
6.3,6.4,79,1.6,1.4,7592,12842
5.4,7.6,39,1.4,0.1,3176,6367
2.2,6.5,322,4.7,1.2,11210,14920
5.2,7.1,192,2.6,0.3,5073,8925
5.6,7.5,282,1.8,0.1,3205,5082
5.5,7.4,275,1.5,0.1,4698,8625
7.3,6.7,55,1.4,0.1,2638,4003
6.5,7.5,415,2,0.1,864,1538
7.2,6.3,100,1.5,0.1,7942,13575
6.6,7.8,95,4.9,0.2,16,36
6.9,7.9,99,5,0.4,15,34
6.8,7.7,85,5.2,0.3,11,23
6.7,7.8,80,4.9,0.3,12,29
5.1,7.3,3937,10.3,1.8,31,83
5.6,7.9,468,3.6,1.9,66,164
6.4,7.6,541,5.7,0.6,23,45
5.5,7.4,6166,7.7,1.1,44,67
5.3,7.7,24062,9.9,1.2,156,304
6.7,7.6,83,4.8,0.2,28,76
3.6,7.4,4424,31.3,2.2,276,474
7.2,7.7,226,3.1,0.8,,130
5.9,7.4,268,6.4,0.4,37,68
5.4,7.5,2413,7.4,1.5,59,116
5.8,7.3,384,5.4,0.6,37,78
5.9,7.4,269,5.1,1.2,34,60
6,7.3,269,8.5,0.4,32,58
6.1,7.3,196,6.1,0.5,30,63
5.9,7.4,269,6.4,0.4,19,47
6.3,7.8,223,4.6,0.9,15,32
6.7,7.3,9293,3.5,1.8,,0
6.8,7.2,170,3.1,1.4,,0
6.8,7.3,4175,3.3,1.6,,0
6.9,7.3,4282,3.3,1.6,,0
6.9,7.3,5551,3.4,1.7,,0
6.8,7.9,5390,4.9,0.8,15,28
6.6,8.1,161,4.6,0.3,16,32
6.7,8,138,5,0.3,14,33
6.7,7.8,81,4.9,0.3,14,35
5.9,7.7,194,5.5,0.6,22,51
6.3,7.6,186,4.6,0.6,13,31
6.6,7.6,207,4.7,0.7,12,31
6.8,7.7,85,5,0.4,15,34
7.1,7.4,176,2.7,0.9,,30
7,7.4,178,2.7,0.9,,40
7.2,7.2,180,2.7,1,,70
6.7,7.5,85,1.4,1,183,420
5.8,7.4,77,1.4,0.8,285,691
6.6,7.5,75,1.4,0.7,183,448
6.7,7.5,82,1.4,1,161,443
6.7,6.9,56,0.9,0.2,82,172
6.5,6.7,2240,1.2,0.2,136,304
6.3,6.9,73,1.6,0,787,2008
7,7.4,130,0.7,0.1,301,590
6.6,7.7,191,1.6,0.2,362,661
6.9,6.9,134,1.1,0.4,249,531
7,7.5,80,0.8,0.4,2573,3583
6.7,7.4,14526,0.8,0.6,1411,1969
7.2,7.4,82,0.7,0.5,840,1311
7.5,7.2,67,1.1,0.1,76,590
3,6.6,965,1.7,1.2,247,530
5.9,7.4,17990,0.7,0.5,1888,2803
6.7,7.5,90,1.6,0.9,199,473
6.1,7.4,4429,2,1.6,243,550
6.7,6.9,87,1.7,0.2,155,350
6.9,6.8,85,1.6,0.2,82,206
2.1,6.8,101,1.6,0.8,431,694
2.5,6.9,83,1.9,0.3,353,656
7.2,7.6,75,1.4,1,188,426
3.7,7.7,32005,1.2,0.9,40000,60392
6.1,7.6,281,1.2,0.7,384,718
6.7,7.6,106,0.5,2.5,44,71
7.6,7.1,58,1.2,0.1,163,961
1.9,7.7,2941,26.9,2.8,10875,37375
7.4,7,35,0.1,0,165,409
6.4,7.2,63,1.3,0.4,121,535
5.4,6.7,65,1.1,0.3,60,144
5.6,7.3,90,1.6,0.4,268,705
7.1,8,728,1.2,0.4,374,697
5.9,6.8,13953,1.5,0.4,70,166
7.4,6.9,57,1.1,0.3,70,159
7.2,7.2,41,0.7,0.2,441,658
6.5,7.4,71,0.6,0.3,4192,7018
6.8,7.1,81,0.8,0,389,1268
6.8,6.9,68,1.7,0.1,449,660
6.6,7,70,1.4,0.1,550,822
6.4,7.7,100,0.6,0.9,56,88
7.3,6.9,96,1.9,0.2,89,825
6.8,6.6,49,0.5,0.4,1719,2950
5.6,7.2,24360,2.1,0.3,92,447
6.9,6.8,59,0.6,0.5,1916,3375
7.1,6.8,14410,1.8,0.1,65,468
6.2,7.2,22757,1.5,0.1,98,542
6.7,7.1,66,0.6,0,222,626
7.2,7,59,0.6,0,165,433
6,7.6,120,1.3,1.1,212,523
5.2,6.8,55,0.6,0.7,171,313
4.8,6.8,86,0.7,0.8,208,332
3.9,6.9,62,0.5,0.7,155,284
5,6.9,3185,1.8,0.4,290,667
7,7,36,1.1,0.2,276,541
6.3,6.9,64,1.2,0.3,381,815
6.2,6.9,86,1.3,0.2,372,1007
5.7,6.8,2640,1.9,0.5,385,759
5.7,6.9,53,3.1,0.4,574,1205
6.6,7.1,2007,1.3,0.2,356,785
6.6,7,46,1.3,0.3,228,472
6.5,6.5,43,0.9,0.4,87,188
6.7,6.3,54,0.9,0.1,136,610
4.3,7.2,113,1.8,0.4,188,796
4.6,6.7,12561,1.5,0.6,72,171
7.7,6.9,61,1.6,0,88,554
5.8,6.5,61,1,0.4,70,151
4.5,6.9,1614,2.1,0.6,131,230
6.9,7.2,20950,1.3,0.2,113,643
6.6,7,14487,0.9,0.3,55,103
6.9,7.5,54,0.6,0,319,1633
5.5,7.6,569,1.3,0.9,18,141
5.4,7.8,310,0.8,2.4,7,107
7.1,7.8,516,0.7,0.5,2,1238
6.9,8,505,0.9,0.7,2,1563
7.3,7.3,109,2.4,3.4,18,65
7.5,7.5,83,2.1,2,22,74
6.4,7.2,102,1,0,137,1223
6.5,7.1,92,1,0,155,1342
7.7,7.9,232,1.3,0.8,30790,40500
7.5,7.8,519,2.1,0.7,38700,53556
7.3,7.2,103,0.7,1.7,4871,13810
7.4,7.9,196,0.7,0.6,5323,15213
7.4,7.8,244,1.9,1,20880,12473
7.5,8,243,1.7,0.9,8780,30319
7.2,8,296,1.5,0.7,1468,4314
6.6,7.8,25034,1.5,0.9,1671,4224
7.5,7.9,194,1,1,2906,8559
7.4,7.9,170,0.8,0.9,4948,16709
,7.3,386,,0.2,,
5.9,7.9,21600,,0.1,,
6.5,7.3,21600,,0.1,,
6.5,7.7,26600,,0.1,,
6,7.1,13000,,0.4,,
6.5,7.4,1063,2,0.6,177,374
6.8,6.6,63,2.9,0.1,11,36
6.6,6.4,101,2.5,0.2,13,41
6.6,6.5,136,2.5,0.2,13,45
6.7,6.9,226,2.2,0.2,12,38
6.7,6.3,72,2.7,0.2,9,32
6.7,6.4,61,4.6,0.1,10,34
6.6,7.2,1300,2.7,0.2,21,60
6.7,7,461,2.5,0.1,17,51
6.6,6.2,69,2.5,0.1,11,38
6.8,6.9,241,2.5,0.1,14,48
6.5,6.6,159,2.4,0.2,11,41
6.6,6.7,170,2.5,0.2,10,34
0.9,7.6,2039,104.5,0.9,272521616,511090873
,,,,,,
5.8,7.2,640,6,4.3,1450,4073
4.8,7.6,1090,22,3.6,30500,52500
5.5,7.3,705,10,5,2020,5433
5.1,7.4,1375,23.7,5.9,27333,50333
5.5,7.4,745,10,6.1,12167,29333
5,7.6,975,16.3,6.1,11167,21667
4.9,7.7,1385,27.5,7.7,42500,72000
5,7.3,1067,19.3,6.2,21467,39533
5.3,7.2,970,13.3,5.9,3167,7133
4.9,7.7,1418,21,4.2,28000,49500
4.1,7.5,1015,23,6.1,35000,57500
4.8,7.4,854,17,4.7,20500,38000
,8.2,,19.8,0,,
,7.9,,18.2,0,,
4,6.8,370,3,0.8,4,9
7.8,7.8,376,1.3,0.4,9,17
7.7,7.7,354,1.3,0.3,12,22
7.6,7.9,344,1.6,0.4,12,22
,7.2,,88,0,,
4.4,7.1,694,41,1.2,92,224
5.9,8,401,0.9,0.7,4,15
6,7.2,106,0.8,0.4,4,15
5.6,7.9,326,1.1,0.8,4,4
6.2,8.1,592,1,0.7,4,6
7.2,7.5,119,2.3,3.8,33,74
7.2,7.5,120,2.3,4.1,31,67
7.5,7.3,82,1.8,2.8,30,70
7.5,7.5,111,2.4,3,293,506
5.3,3.3,831,7.7,3.2,18,36
7.2,7.2,56,1.7,2.6,21,42
7.5,7.2,66,1.6,2.5,22,44
7.8,7,74,2.3,4.3,28,108
6.7,2.7,1350,3.3,1.1,7,16
7.3,6.6,274,2.5,2.4,176,386
7.4,7.3,67,1.8,2.5,25,55
7.2,7.4,82,2,2.8,26,61
7.3,7.1,55,1.9,2.5,24,53
7.3,7.1,57,2,2.4,24,50
6.6,7.1,114,2.6,2.8,2142,3108
7.3,5.6,56,1.8,2.1,16,34
5.1,7,105,3.6,4.7,351,780
7.3,7.1,51,1.6,2.4,19,40
7.7,7.2,50,1.6,2,19,36
7.6,7.3,115,2.1,3.7,301,528
6.2,7,81,2.4,5.1,36,79
7.2,7.1,66,1.9,3.4,28,63
7.4,7.1,57,1.5,2.9,13,40
7.5,7.4,144,1.7,3.5,26,59
7.1,7.1,63,1.9,5.6,22,48
7.3,7.2,65,1.9,3.3,24,48
7.3,7.3,65,2,3,25,54
1.5,6.9,345,33.9,16.9,23232,34251
3.9,7.1,233,17,10.5,13174,22223
1,7.2,376,57.2,20.3,48665,83554
0.9,7.2,506,61.1,19.6,64250,106333
7.2,7,66,1.9,3.7,28,60
7.7,7.2,62,1.6,3,27,59
7.3,6.9,61,2.2,2,25,52
1.2,7.1,380,45.7,15.6,51583,94083
3.2,7.1,258,23.5,10.3,31833,54083
7.2,7.2,124,6.9,4.5,348,552
7.2,7.1,65,2.1,2.4,56,120
7.5,7.3,64,1.9,3.3,21,42
7.6,7.3,65,1.9,3.8,21,43
7.1,7.3,269,1.4,0.1,,115
7.2,7.3,275,1.5,0.1,4,68
6.9,7.1,186,1.6,0.1,,29
6.8,7.1,201,1.4,0.2,,86
6.2,7.8,165,2.1,0,282,340
6.4,7.8,158,4.1,0.5,458,500
6.6,7.9,210,4.2,1.9,510,572
,0,208,,,,
7.3,7.9,693,0.5,1,161,173
5,7.6,1676,1.8,8,329,174
,0,506,,6,26,227
6,7.7,1863,8.6,1,47,1183
,,24300,,7,22474,24
5.3,7.8,817,2.8,1,9,23
4.3,7.8,2307,103.8,1.23,,1817
4.5,8.3,1287,1.5,11,116,5
,,,,0,,2
6.8,8.2,1862,2.5,0.87,7,64
5,8,,0.7,0,,
3,7.7,,0.4,0,,
6.7,8.1,2520,7.2,1,6,41
8.2,8.4,606,2.9,0,,
,,,,,,
5.6,7.5,41,2,0.08,7022,13410
5.5,6.7,209,0.8,0.17,1893,2915
5.5,7.1,123,1.5,0.09,3293,6264
5.3,7.3,182,1.5,0.08,1976,3080
6,7.6,100,1.2,0.17,5129,6086
5.7,6.9,111,1,0.14,939,3061
6.4,7.1,140,1.1,0.1,4464,7908
6.2,7.8,44,2,0.06,9429,9320
6.1,7.6,43,1.8,0.06,6668,9554
7,6.9,64,1.1,0.09,1641,2841
6.6,6.5,62,1,0.14,4073,7190
7,6.8,304,2,0.49,12140,23867
7,7,55,1.2,0.66,1298,2813
6.3,7.6,213,1.5,0.06,3803,7069
6.7,6.8,83,1.2,0.17,2140,3559
7.1,6.6,76,1,0.12,2367,3527
6.7,6.6,107,1.3,0.22,2461,3757
7.2,6.7,89,0.9,0.06,832,1996
4.2,6.7,192,2,0.16,4448,9286
6.3,6.6,79,1.6,0.19,2830,6054
5.6,7.7,142,1.7,0.14,1831,3644
2.8,6.4,424,3.2,0.35,12658,21036
5.2,7.1,306,2.6,0.34,1411,1525
5.6,7.7,40,1.5,0.07,4153,7130
5.5,7.7,40,1.5,0.08,7086,12282
6.9,6.7,63,0.9,0.21,691,1132
6.3,7.6,227,1.7,0.08,3622,3612
7.1,6.6,68,1.1,0.13,4124,8167
6.9,7.7,121,3.3,1,77,163
7.2,8.2,112,3.3,1,39,94
6.9,7.7,103,3.7,0.57,48,103
6.9,7.6,104,3.5,0.75,37,79
6.4,7.4,1003,4.3,2.89,524,753
6.3,8.3,408,2.7,1.58,64,157
6.7,7.8,105,3.6,1,43,89
6.3,7.6,209,4.4,1.86,48,98
5.9,7.6,13768,5,1.79,166,300
7.3,7.7,86,3.2,1,50,93
3.6,7.4,6487,30.5,1.5,534,745
6.3,8.3,999,3.3,1.78,4,112
7.2,7.7,125,3.3,1,39,89
7.1,7.5,127,3.4,4.4,17,63
7.1,7.4,5300,38,1,388,667
7.2,7.6,127,3.2,1,22,51
7,7.6,126,3.3,1,20,63
7.2,7.6,126,3.4,1.89,29,64
7.1,7.8,112,3.2,0.63,43,88
6.8,7.7,9590,3.6,4.57,3,124
6.8,7.4,174,3.7,2.26,4,124
6.8,7.6,2572,3.3,4.22,4,118
6.7,7.8,6030,4.4,4.78,4,138
6.8,7.7,7207,3.9,4.25,3,120
6.8,8.1,167,3.8,1,32,85
6.8,8,173,3.5,1,53,98
7,8,168,3.6,1,44,83
6.9,7.9,131,3.5,0.75,41,96
7,7.6,125,3.5,0.6,33,63
7.2,7.5,132,3.3,0.9,38,88
7.2,7.7,119,3.3,1,35,68
6.9,7.5,159,2.8,1,3,82
6.7,7.7,141,3.3,3,4,90
7.3,7.7,132,2.9,2,3,88
6.4,7.3,76,1.7,0.62,199,788
6,7.1,85,1.7,0.53,262,538
6.3,7.1,69,1.3,0.57,248,593
6.5,7.3,76,1.6,0.55,226,545
6.7,6.6,60,1.2,0.34,228,435
7,6.6,3544,1.5,0.37,208,435
6.7,7.3,51,0.8,0.35,547,1567
6.9,7.7,107,0.7,0.46,255,443
6.7,7.9,173,0.9,0.56,191,426
5.6,6.9,126,1.2,0.67,266,990
7.3,7.4,70,0.8,0.31,2984,4208
6.9,7.4,12754,0.8,0.29,1807,2557
7.1,7.4,80,0.6,0.5,1921,2831
7.2,6.9,62,1.3,0.11,33,150
3.4,6.7,2965,2.3,1.11,271,1236
6.1,7.2,15871,0.9,0.25,1667,2975
6.4,7.2,120,1.9,0.77,258,618
6.2,7.2,7448,2,1.01,184,483
6.6,6.9,77,1.6,0.29,264,756
6.8,7,72,1.7,0.2,249,785
2.9,6.7,305,2.2,1.28,403,1623
3,6.6,86,2,0.39,357,1319
6.7,7.1,79,1.6,0.34,313,738
3.6,7.3,32790,2.6,0.59,64259,112867
6.1,7.8,2905,1.3,0.54,422,997
6.9,7.4,112,0.5,0.35,50,67
7,6.9,51,1.1,0.18,44,317
3.1,7.2,1416,13.2,4.41,2992,19917
7,7.1,30,0.5,0.32,211,496
6.1,7,59,1.8,0.58,89,282
6,6.4,61,2.1,0.28,87,300
6.3,7,105,2.8,0.37,142,543
6.9,8.1,502,0.9,0.72,382,615
5.9,6.7,14662,1.5,0.52,144,377
7.8,6.8,49,1.4,0.3,122,319
7.1,7.4,380,1,0.14,1527,66382
7.3,7.2,67,0.9,0.38,6490,3471
6.2,7.2,51,0.8,0.23,331,942
7.2,6.8,69,1.2,0.45,706,941
6.9,6.7,75,2.5,0.4,526,701
6.3,7.4,113,0.6,0.88,98,128
7.6,6.8,79,1.6,0.31,48,109
7,7.2,57,0.6,0.46,2117,3558
5.9,7,22576,1.5,0.35,42,253
6.8,7.2,105,0.6,0.39,1200,2392
6.3,6.7,2315,1.3,0.17,55,278
6.4,6.9,18569,1,0.27,40,277
6.6,7.3,45,0.6,0.39,228,940
6.9,7.2,42,0.5,0.18,151,774
6,7.3,92,1.7,0.56,256,597
6.1,7.2,59,0.7,1.04,181,311
4.5,6.9,1190,0.7,1.17,218,388
4.2,7,69,0.6,1.04,240,420
6,7,5569,2.2,0.68,473,1894
7.3,7,34,1,0.27,234,927
6.3,7,44,1.6,0.32,487,1876
6.4,7.2,49,1.4,0.23,362,1357
5.9,7,3272,2.2,0.62,330,1284
4.6,7,65,1.7,0.28,631,1937
6.5,6.9,4650,2,1,340,1573
6.5,7,42,1.4,1,249,1221
6.4,6.4,45,1.2,1,142,376
6,6.1,56,1.2,0,136,438
5.3,6.8,99,2.8,0.79,106,523
3.6,6.5,22131,1.8,0.95,105,261
6.9,6.7,66,1.8,0,93,205
6,6.6,67,1.5,3.69,168,398
4.9,6.8,9107,1.6,1,208,614
6.3,7,18931,1.4,1,34,201
6.6,6.8,15525,1.1,0.06,149,347
7.1,7.5,46,0.8,1,239,1097
6,7.3,432,1.2,3,3,78
6.1,7.7,328,1.2,1,3,211
5.8,7.8,707,0.6,0.85,2,1100
6.1,8,674,0.9,1,2,1260
7.3,7.3,164,2.3,1,115,336
7.6,7.4,122,2.4,1,223,834
6.5,7.1,95,1,0,156,212
6.5,7.1,56,1,0,30,79
7.5,7.8,237,1.4,0.89,8281,18918
7.6,7.6,3688,2.3,2.66,19264,32918
7.3,7.5,82,1.2,1.58,15816,17512
7.5,8,202,1.4,1.89,11771,23191
7.3,7.9,232,2.9,2.23,9026,30836
7.4,7.9,246,2.3,1.9,1850,3900
6.9,8.1,3960,2,2.26,19058,22523
7,8,28222,1.8,2.54,16613,10469
7.2,7.8,201,1.3,1.59,29937,31034
7.3,8,221,1.2,2.26,16103,5289
,7.8,,1,1,,
8,7.7,401,,1,,
8,8.2,1886,4,1,,
7,8.2,742,5,1,,
7,6.4,149,4,1,,
6.7,7.5,1088,1.7,0,194,474
7.2,6.5,73,3.1,0,19,59
6.7,6.3,98,3.3,1.5,21,74
6.3,6.5,143,4,4,38,124
6.6,6.9,260,5.4,1,17,53
7.1,6.3,71,3.5,1,24,82
6.9,6.3,65,3.5,0,17,52
7.3,7.1,607,3.6,0.88,33,104
6.1,7,446,5.2,0.56,26,77
6.9,6.4,94,3.2,1.59,20,65
6.8,6.8,451,9.4,0.55,22,58
6,6.6,169,3.9,2,22,84
6.5,6.7,187,3.3,3,32,113
3.4,7.8,2577,164.9,1.5,148825783,160405392
,,,,,,
5.5,7.2,636,9.7,4,1328,4975
4.7,7.3,1088,23.8,4,28250,56000
5.3,7.2,689,11.3,4,1350,6025
4.9,7.3,1267,23.5,3,24750,54250
5.3,7.4,852,13,4,13775,26750
4.9,7.5,977,16.5,5,12375,30500
4.4,7.4,1256,24.8,6,25250,55250
4.8,7.2,1021,20.3,4,22875,43700
5.1,7.3,971,14.8,5,2125,8425
4.6,7.4,1284,24.3,4,21500,50000
4,7.4,1096,26,3,31750,57500
4.4,7.3,1002,21.5,4,21000,43750
,6.9,910,13,0,,
,6.5,930,15,0,,
5,7.3,,33.9,0,,
,6.7,960,18,0,,
4.8,7.6,295,0.8,0,4,9
7.1,7.5,293,1.3,0,9,19
7.1,7.5,316,1.4,0,13,22
6.6,7.5,274,1.6,0,14,24
4.9,7.4,407,16.3,0,51,120
4.9,8.3,603,1,0,4,5
5.5,7.4,138,0.8,0,4,6
5.5,8.1,625,1.1,0,4,6
5,7.3,305,1.7,0,4,12
5.6,8.1,552,1.1,0,4,6
7.3,7.3,402,2.1,0,4,32
7.2,7.3,99,2.2,1,26,57
7.2,7.4,102,2.2,1,25,56
7.6,7.2,72,1.8,2.56,24,57
7.1,7.5,131,2.2,3.2,239,413
5.2,2.9,682,7.8,1.5,16,30
7.3,7.1,47,1.3,2,15,48
7.6,7.2,52,1.2,2,16,36
8,6.9,64,1.8,3.38,23,49
7.9,7.3,46,1.4,1,12,29
7.4,7.2,53,1.9,3,14,32
7.7,7.2,55,1.6,3,15,63
6.8,2.7,1074,3.2,2.33,4,11
7.1,6.5,237,3.8,4.56,674,1072
7.8,7.2,50,1.6,1.77,20,41
7.3,7.3,71,2,2.66,21,47
7.3,7,91,1.8,3.3,20,45
7.4,7.1,49,1.7,2.44,19,42
6.5,7.1,99,2.7,3.56,1967,2722
7.5,5.7,50,1.5,2.21,10,23
5.8,6.9,68,3.1,4.9,197,463
6.9,7.2,44,1.4,2.66,14,33
7.8,7.3,93,1.9,2.99,264,444
6.6,7,66,2.3,4,29,63
7.6,7.1,53,1.7,3,23,53
7.8,7,47,1.4,2,8,35
7.7,7.4,128,1.6,3.32,25,56
7.1,7,54,1.8,2.58,20,43
7.4,7,69,1.6,3.3,17,87
7.5,7.2,58,1.6,2.25,21,46
3.1,7.2,401,21.8,19,22556,31444
4.7,7.2,202,13.6,15,13444,20056
2.1,7.2,303,37.2,18.2,39444,62333
1.8,7.2,394,40.6,15.4,57222,96944
7.2,6.9,55,1.7,3.04,26,56
7.9,7.1,55,1.2,3.55,23,50
6.9,6.9,52,2.2,3.48,1576,45
1.9,7,306,34.2,17.9,48278,85667
4.5,7.1,196,15.5,11,48611,43333
7.2,7.1,107,6.7,5.56,303,476
7.5,7,82,2.1,3.02,45,122
7.1,7.5,189,1.9,1,,
7,7.6,197,1.8,1,,
7.2,7.9,158,1.9,0.95,,
6.5,7.8,161,1.8,0.99,,
6.6,7.7,165,1.7,0,280,325
6.7,7.8,167,4.8,1,440,520
6.6,7.7,183,3.7,1.55,415,575
7.1,7.8,151,8,0.08, , 
7.2,7.4,319,0.7,0.18,5,10
6.2,8.4,894,9,0.38,140,350
2.2,8,1835,17.9,0.86,10478,25478
2,7.7,3165,32.3,3.44,11498,15173
2.4,7.6,1500,6.2,1.31,3,13
5.9,7.2,52,2.1,0.08, ,90
6.1,6.8,408,1.3,0.17,1300,3808
5.5,6.9,143,1.3,0.09,4100,11113
5.4,7.2,60,1.5,0.08,428,2309
5.8,7.2,34,5.3,0.17,855,3322
5.9,6.7,125,1.5,0.14,1638,5793
6.4,6.7,175,1.3,0.1,772,3636
6.2,7.7,39,1.3,0.06,1296,4517
6.1,7.8,39,1.5,0.06,1032,5840
7.3,6.9,61,0.7,0.09,1430,4388
6.8,6.6,71,1.5,0.14,2495,3949
7.4,6.5,129,2.3,0.49,5868,16691
7,6.8,503,1.6,0.66,965,2404
6.3,7.5,31,1.6,0.06,1466,4267
7.1,6.8,70,0.8,0.17,716,3567
7.3,6.8,69,1.2,0.12,457,2446
6.7,6.6,118,1,0.22,1104,3496
7.4,6.8,80,1.3,0.06,274,1404
4.5,6.6,250,2.4,0.16,1572,5889
6.1,6.9,74,1.8,0.19,1074,3937
5.9,7.3,44,1.6,0.14,962,2794
2.4,6.5,195,4.8,0.35,7980,14217
4,6.8,207,1.8,0.34,818,2280
5.4,7.6,40,1.6,0.07,290,1330
5.3,7.6,41,1.4,0.08,952,2517
7,6.9,54,0.8,0.21,667,3059
5.9,7.7,44,2.1,0.08,1200,831
7.1,6.5,60,1.7,0.13,2926,8163
6.9,7.7,99,3.3,0.56,53,123
6.6,7.9,123,3.2,0.52,44,104
6.6,7.7,220,3.6,0.65,25,77
6.8,7.7,219,3.4,0.63,23,75
4.8,7.2,5429,8.4,2.08,177,408
6.4,8,493,4.2,3.91,17,68
6.8,7.6,100,3,0.54,124,295
6.7,7.5,316,4.6,0.6,47,132
5.8,7.9,37227,9.5,1.42,231,451
6.9,7.7,84,3.1,0.42,69,168
4.9,7.6,21254,55.5,2.18,560,964
6.9,7.9,312,2.7,1.58,4,107
6.8,7.5,146,3,0.6,124,241
6.7,7.3,127,2.9,0.59,100,209
5.6,6.9,432,4.5,1.72,58,173
6.5,7.3,126,3,0.59,132,284
7.1,7.5,128,3,0.6,136,297
6.4,7.3,129,3.1,0.6,68,191
6.9,7.7,129,2.9,0.55,135,268
7,7.9,153,2.9,0.55,30,86
6.4,7.6,10165,3.7,2.14,5,139
6.9,7.7,307,2.8,3.6,4,123
6.3,7.7,322,3.5,1.1,4,116
6.5,7.5,5835,3.4,1.72,4,126
6.3,7.4,9245,4.7,2,4,134
6.5,8.1,1907,4,0.55,46,115
7,8,1896,3.5,0.64,190,245
7,8,206,2.9,0.56,31,74
6.8,7.8,239,3.3,0.56,33,77
6.4,7.6,152,3.2,0.96,62,142
6.7,7.7,146,3,0.89,30,73
6.7,7.6,137,2.9,0.76,24,64
6.6,7.8,228,3.5,0.57,30,79
7,7.7,409,2.4,0.93,4,112
6.8,7.6,263,2.9,0.81,4,123
6.9,7.5,338,2.3,3.93,4,108
7,7.2,79,0.8,0.62,279,637
6.6,7,67,1.1,0.53,275,670
6.6,7.3,59,0.7,0.57,281,541
6.2,7.3,66,0.8,0.55,303,609
7.1,7,67,1,0.34,170,538
7,6.7,5341,1.1,0.37,158,528
6.7,7.3,89,1.1,0.35,1163,2025
6.2,7.3,136,1,0.46,296,676
7.1,8.1,212,0.9,0.56,524,992
6.3,6.3,134,1.2,0.67,224,780
7.3,7.2,76,0.6,0.31,468,893
7,7.3,11041,0.9,0.29,256,503
6.8,7.1,75,0.8,0.5,693,1169
7.4,7.2,61,0.7,0.11,54,255
1.7,6.6,769,3.4,1.11,556,1717
6.1,7.5,14083,1.4,0.25,920,2686
6.6,7.2,92,0.8,0.77,332,660
6.6,7.2,1348,0.8,1.01,392,810
6,6.7,95,1.2,0.29,253,680
6.6,6.8,78,1,0.2,275,626
0.6,6.7,268,4.1,1.28,400,1308
1.8,6.6,82,2,0.39,399,1410
7.1,7.2,61,1,0.34,251,608
3.9,7.6,30298,2.5,0.59,4830,7240
6.6,8,310,1.1,0.54,517,783
7,7.1,97,0.8,0.35,45,77
7.3,7,51,0.7,0.18,65,258
0.5,7.1,1717,21.2,4.41,3317,15833
7,7.4,55,0.9,0.32,800,1400
6.1,6.8,67,1.1,0.58,80,394
7,6.7,61,1.3,0.28,168,248
5.2,6.9,81,1.5,0.37,71,465
6.1,8,510,1.1,0.72,784,1572
6.5,6.9,12150,1.8,0.52,711,1481
7.9,7.2,50,1.1,0.3,319,845
7.5,6.9,34,0.9,0.14,110,256
7,7.4,72,1,0.38,496,897
7.3,7.3,99,0.9,0.23,1088,1788
7.5,6.9,125,1.6,0.45,970,1400
6.8,6.9,116,1.7,0.4,825,1260
5.8,7.3,107,0.9,0.88,232,343
7.1,7.2,85,0.8,0.31,67,184
6.8,7.1,58,0.7,0.46,2010,3460
5.7,7.3,13197,1.5,0.35,46,144
6.7,7.1,58,1.2,0.39,964,1739
7,6.9,3453,0.9,0.17,56,278
6.5,7,14369,1.3,0.27,63,175
6.6,7.3,70,1.4,0.39,838,1875
7,7.3,60,0.8,0.18,631,1813
6.3,7.2,97,0.8,0.56,357,880
6,7,63,1.1,1.04,243,493
4.4,7.1,113,1.5,1.17,358,722
4.5,7.2,79,1,1.04,279,537
5.1,6.9,1789,2.1,0.68,408,1946
7.5,7.2,36,1.1,0.27,282,1134
6.8,7,59,1.3,0.32,648,2267
6.8,6.9,114,1.4,0.23,388,1785
5.9,6.8,1108,2.2,0.62,386,1520
4.9,6.7,88,2.2,0.28,480,2200
6.8,6.9,1686,1.4,0.25,236,1223
7.1,6.9,45,1.2,0.29,451,1636
6.9,6.6,56,1.1,0.3,177,542
6.5,6.3,49,1,0.22,87,323
4.9,6.6,169,2.1,0.76,250,1241
4.2,6.5,19575,1.4,0.39,210,528
6.9,7.1,63,0.9,0.16,152,336
6.6,6.7,69,0.8,0.38,185,464
4.5,6.6,6381,2.1,0.34,196,435
6.2,7.2,9326,1.3,0.22,61,141
6.6,7.1,15158,1.1,0.26,126,810
6.3,7.3,74,1.2,0.29,725,1813
6,7.6,429,1.1,1.1,3,362
6,7.8,308,1.1,1.47,3,343
5.8,7.4,505,0.6,0.73,4,1517
6.1,7.5,465,0.5,0.34,4,1458
6.4,7.1,183,2.3,0.62,209,398
7.1,7.4,135,1.9,0.72,419,995
6.7,7.2,103,1, ,11,70
6.8,7.1,106,1, ,13,137
7.8,7.9,213,1.5,0.35,7742,15083
7.7,8.1,312,2,0.75,12675,32017
6.9,7.6,99,1.6,1.39,3066,5395
7.3,8,230,1.6,0.69,2346,4348
6.8,8.1,264,2.6,1.16,2428,5142
7.2,8.1,272,3.1,1.46,2196,4586
8,8.3,312,1.4,0.73,1618,4319
8.2,8,19595,2,0.94,624,1116
7,8,199,1.8,1.11,1503,3573
7.2,8.1,201,1.6,0.36,1239,2324
6.8,7.8,505,2.1,0.02, , 
6.5,7.9,11170,3,0.3, , 
6.9,7.4,4990,3,0.37, , 
6.8,8.1,1516, ,0.28, , 
6,7.3,44600, ,0.23, , 
6.8,7.5,890,2.1,0.51,274,589
7.3,7.6,160,1.9,0.06,32,89
7,7.7,111,2.2,0.08,53,131
6.7,7.7,139,3.1,0.22,123,300
7.2,7.2,288,2.1,0.14,33,91
7,7.1,95,1.9,0.08,47,118
7,7.5,84,1.7,0.06,32,87
7.4,7,3101,15.6,0.15,76,174
7.2,7.3,510,2.9,0.08,46,123
7.1,7.4,88,1.8,0.07,34,90
7.2,6.9,338,3.8,0.07,44,104
6.7,7.6,162,3.3,0.16,90,249
6.7,7.6,182,4.1,0.15,92,251
0.2,7.2,2219,185.8,1.75,180000000,300000000
6.8,8,414,3.1,0.88, , 
5.5,7.4,635,8.8,5.08,1400,5500
5.5,7.4,1051,25,6.8,32000,63000
5.3,7.3,636,9.9,5,2150,10000
5.1,7.4,993,21.9,6.63,36250,57750
5.3,7.5,632,13.5,5.08,20000,34750
4.9,7.4,973,17.5,4.77,22000,40667
4.3,7.5,1156,24.5,7.65,33750,65000
4.8,7.4,904,26,8.6,31750,55000
5.1,7.4,1110,16,14.85,3475,12000
5.3,7.4,1290,26.9,8.1,36250,66250
4.9,7.4,990,27.8,6.78,19000,40500
5.2,7.4,914,20.5,6.18,14750,29500
6.4,7.9,1808,21,5.9, , 
6.6,7.8,1302,18, , , 
6.4,8,1286,19.5, , , 
4.8,7.5,280,2.4,0.72,3,4
7.7,7.4,344,1.2,0.37,9,19
7.3,7,310,1.4,0.38,13,22
7.1,7.7,303,1.5,0.34,13,23
3.3,7.5,1630,185,1.75, , 
6.2,7.5,788,41.5,4.08,105,235
6,8.3,468,1.4,0.43,5,16
5.9,7.3,234,1.5,0.36,4,12
6.4,8,527,1.2,0.35,5,21
5.9,7.9,796,1.5,0.48,4,14
7.3,7.4,388,2.1,0.58, ,46
8.5,7.5,166,2.7,,,31
8.9,7,125,1.9,,,45
8,7.8,144,2.1,,,51
7.5,7.7,87,1.2,,,54
8.5,7.6,84,2,,,16
8.4,7.5,103,1.9,,,75
8.7,7.2,117,3.2,,,52
6.5,7.7,287,8.2,,,114
8.6,7.5,130,4.6,,,39
8.9,7.5,109,1.2,,,33
9.8,8.4,246,1.2,,,10
7.6,7.5,147,1.3,,,30
8.7,7.6,202,1.2,,,60
8.4,7.4,177,2.4,,,48
8.7,7.6,203,2.5,,,59
8.2,7.4,120,1.9,,,46
8,7.2,110,1.4,,,80
8.4,7.6,213,1.5,,,20
9.4,7.8,174,1,,,16
8.1,8,244,2.4,,,73
8.1,8,162,1.8,,,26
8.7,7.6,163,2.6,,,24
8.7,7.6,143,1.9,,,58
9.2,7.6,208,1.9,,,30
8.3,7.7,158,2,,,48
5.9,7.1,338,6.6,,,522
4.3,7.4,269,12.3,,,412
8.2,7.1,109,3.3,,,12
11.1,7.6,131,3.6,,,32
7.4,7.1,116,2.7,,,55
8.2,7.6,112,2.1,,,31
8.5,7.5,169,3.6,,,41
11.4,7.2,128,1,,,20
8.9,7.6,221,1.7,,,30
9.3,7.6,193,2.3,,,41
9.1,7.3,217,3.9,,,67
7.9,7.3,131,0.8,,,38
8.7,7.4,176,2.2,,,36
8.1,7.3,199,2.2,,,56
8.2,7.4,170,2.2,,,39
7.7,7.2,95,1.8,2.67,22,50
7.6,7.2,92,2.5,2.41,20,45
9.9,7.2,65,1.5,2.31,21,55
7.6,7.4,93,2.1,2.89,276,408
5.5,2.9,568,6.8,1.12,18,33
7.6,7,42,1.3,3.01,11,27
7.7,7.1,45,1.4,2.89,9,22
8.3,7,59,1.7,2.86,16,33
6.9,2.6,1072,3.2,1.17,3,21
7.7,6.3,250,2.1,3.88,180,326
8.8,7.3,37,1.5,1.62,15,35
7.3,7.3,72,2,1.65,17,36
7.5,7,38,1.7,2.2,18,40
7.8,7.1,44,1.6,2.62,15,33
7,7,100,2.4,3.03,1967,2600
7.5,6.3,52,1.7,0.82,7,21
6.4,6.9,61,2.6,3.88,227,538
7.5,7.1,39,1.4,2.88,12,22
8,7.1,41,1.4,3.35,10,25
7.9,7.3,93,1.7,5.02,295,418
7.5,6.9,69,1.9,4.92,20,49
7.9,7.2,46,1.7,2.72,20,45
8,7.2,42,1.4,2.47,5,31
7.7,7.1,101,1.5,3.42,16,43
7.2,7.1,49,1.6,2.86,17,40
8.2,7.1,49,1.2,2.81,15,32
7.8,7.1,58,1.5,2.97,19,43
3.9,7.1,235,16.9,16.61,16500,23000
4.9,7.1,182,14.2,11.61,10417,15500
2.7,7.1,281,35.4,14.84,41000,62667
2.5,7.1,382,37.2,11.81,53083,87167
8,7,48,1.4,3.8,17,41
8.4,7.1,48,1.2,3.08,18,45
6.8,6.6,49,1.9,3.07,18,38
2.1,7,286,45.6,10.61,51250,84500
4,7.1,194,22.4,10.47,29500,45250
7.7,7.2,107,6.6,3.02,285,425
7.6,7.1,51,2,2.6,37,81
7.7,7.1,46,1.6,3.93,8,22
7.7,7.1,49,1.9,3.89,11,26
6.5,7.4,297,1,0.13,26,438
6.3,7.5,287,0.9,0.14,5,204
6.5,7.2,375,1.1,0.17,33,625
6.9,6.9,349,1.1,0.18,38,503
6.6,7.8,165,1.6, ,268,316
6.4,8,155,3.9,0.5,512,516
6.5,8,168,4.2,0.99,488,616
6.7,7.7,218,5,1.31,,
4.2,7.9,4909,18,7,,
4.6,8,23576,158.8,6.88,35,46
4.8,7.8,65700,164,3.42,,
6.7,8.5,235,,3.1,,
6.7,8.3,262,,,,
6.8,7.8,227,,,,
6.8,8.5,249,,0.11,,
4.2,8.2,2754,42,,,
7.1,7.3,212,1.4,0.84,3,6
5,8.3,12771,4.1,1.48,7,30
6.7,8,304,1.5,0.18,1500,3550
5.8,7.7,1315,2.5,0.22,1900,6800
5.9,7.6,36593,3.9,0.07,1200,3200
7.6,7.7,1291,10,0.34,23,77
6,7.7,18865,3.6,3.12,900,2450
4.3,8.4,605,6.5,1.68,5,15
3.7,8.2,600,4.3,1.66,6,20
4.6,7.2,729,4,0.33,900,2300
6.2,8.4,2670,1.3,0.24,,
6.8,6.5,43,1.1,0.42,8,178
6.6,7,59,1.1,0.27,8,113
6,6.2,106,1.5,0.28,9,166
5.9,6.6,516,1.1,0.18,8,169
7.3,6.1,87,0.9,0.33,6,169
7.3,5.9,74,1.5,0.22,8,163
6.7,6.3,127,2,0.44,10,149
6.8,6.2,226,1.6,0.18,9,151
7.1,5.9,93,1.8,0.28,9,131
7.4,6.2,76,1.3,0.41,11,133
7.3,6.2,113,1.2,0.33,9,137
7.3,5.9,100,1.3,0.27,6,173
6,5.9,273,1.8,0.31,10,171
6.1,6.5,201,2,0.43,9,149
6.2,6.3,245,1.8,0.31,7,135
7,6.5,75,0.9,0.22,7,166
7.3,6,74,1.6,0.11,8,181
7.1,7.9,108,3.3,0.42,65,137
7.1,7.7,111,4.4,0.32,,
7,8,129,3.5,0.49,40,105
7,8,130,3.3,0.46,33,93
5.7,7.4,2323,6.3,1.47,400,541
5.9,7.6,462,4.9,2.47,23,63
7,7.7,107,3.8,0.4,131,285
6.2,7.4,299,5.1,0.95,209,401
5.9,7.8,33259,6.8,1.61,114,228
7.2,7.9,77,3.2,0.42,164,282
3.2,7.4,28018,46,1.67,908,1164
6.8,7.8,350,2.6,1.99,2,72
6.9,7.5,133,3.2,0.55,252,409
6.9,7.5,143,3.4,0.54,149,307
6.1,6.9,609,4.2,3.1,65,135
6.8,7.4,129,3.2,0.86,51,133
6.7,7.4,130,3.2,0.75,45,124
6.6,7.4,130,5,0.74,67,158
6.7,7.5,120,3.6,0.73,85,226
7.1,7.9,139,3.2,0.45,74,147
6,7.4,13925,59.1,3.08,4,116
6.7,7.7,274,2.3,2.04,5,88
6.3,7.9,326,2.5,2.32,2,71
6.3,7.9,7392,2.4,6.41,4,71
6.3,7.7,12051,4.4,5.37,4,102
7,8.3,162,3.8,0.48,44,90
7,8.3,212,3.6,0.44,47,90
7.1,8.3,227,3.2,0.48,67,124
6.8,8.2,314,4.3,0.45,28,69
6.8,7.8,151,3.4,0.5,601,740
7,7.8,123,3.4,0.44,42,100
6.9,7.8,139,3.3,0.76,85,169
6.8,8.2,313,4,0.49,49,99
6.7,7.8,215,2.5,0.83,2,51
6.7,7.8,204,2.5,0.77,2,68
6.9,7.7,205,2.2,0.93,2,55
7.1,6.9,72,0.5,0.25,278,641
6.6,6.9,70,0.9,0.49,223,495
6.9,7.1,52,0.8,0.18,46,520
7.2,7,830,0.8,0.16,94,654
6.3,6.9,95,1.3,0.99,750,1325
7.2,7.4,164,0.9,0.46,1325,2225
6.9,7.5,231,0.8,0.55,1000,1725
6.5,6.9,101,1.3,0.47,468,1127
7.1,7.1,64,0.6,0.4,283,646
7.1,7.1,4600,0.6,0.35,229,538
7.5,7.2,52,0.6,0.15,285,900
2,6.8,265,2.4,2.3,1525,5425
5.6,7,12769,1.2,0.41,725,1650
7.1,7,90,0.6,0.64,338,625
6.1,7,248,0.8,0.66,500,1150
6,7,94,1.1,0.13,183,370
6.5,7.5,76,0.8,0.08,275,585
1.5,6.6,192,3.6,0.92,881,2978
2,6.8,79,2.4,0.2,456,1275
7.2,7.1,52,0.6,0.15,298,687
4,7.5,25964,1.1,0.76,945,1588
7.2,7.3,54,0.9,0.25,330,610
0.8,7.1,1239,11.9,1.87,4250,11000
6.4,6.5,58,1.3,0.34,255,960
6.3,6.8,77,1.2,0.16,73,208
5.4,6.6,80,1.6,0.27,335,775
5.8,7.8,666,1,0.24,993,1650
6.6,7.2,12768,1.1,0.13,88,1412
7.7,7.2,44,1,0.28,29,148
7.1,7,27,0.4,0.11,73,218
7.3,7.2,59,0.6,0.19,160,465
7.8,7.1,119,0.7,0.87,875,1725
7.3,7.1,54,1.3,0.41,415,913
7,6.6,104,1.5,0.49,500,1000
6,7.2,92,0.7,0.38,765,1390
6.8,6.6,48,0.5,0.44,1225,2025
5.6,7.1,20455,0.6,0.58,433,675
7,7,56,1.1,0.43,768,1725
6.7,6.9,2531,0.5,0.22,308,465
6.2,7.2,15362,0.8,0.39,830,1303
7.3,7.2,62,0.8,0.95,525,985
7.6,7.2,59,0.6,0.65,463,1163
6.4,6.8,83,0.5,0.42,175,575
7,6.6,50,0.6,0.75,295,578
6.7,6.8,76,1.2,1.21,310,625
6.7,6.6,64,0.9,1.35,428,838
5.6,6.9,943,1.5,0.4,655,1925
7.4,7,38,0.9,0.26,386,1196
6.7,6.9,43,1,0.3,1043,2750
7.1,7.3,48,1.5,0.36,595,1775
6.2,6.8,309,1.6,0.39,1129,2725
5.2,6.8,61,1.8,0.33,1123,2650
6.8,6.9,995,1.1,0.24,349,1258
6.8,6.9,52,0.9,0.45,39,198
6.2,6.6,44,0.7,0.21,715,1630
4.5,6.5,77,1.1,0.34,400,2675
4,7,19279,0.9,0.03,98,233
7,7.4,69,1,0.12,230,660
6.5,6.8,58,0.5,0.24,303,1026
4.6,6.9,98,0.6,0.11,168,348
6.6,7.3,12327,0.6,0.71,1326,2210
7.1,7,51,1,0.78,750,1700
6.2,7.5,371,1.1,1.62,3,528
6.2,7.7,316,1.3,2.41,3,312
7.3,7.1,241,2.9,1.17,100,185
7.7,7.4,121,1.4,0.64,378,1255
6.5,7.3,64,1,2.6,236,420
6.9,7.4,57,1,1.28,46,409
7.5,8,211,1.9,0.39,3005,6858
7.2,8,263,3.7,0.63,6625,14725
7,7.6,111,1.6,0.67,1081,2743
7.5,7.9,205,1.5,1,1615,3542
7.1,7.7,283,2.3,1.73,2882,6692
7.4,8,263,1.7,0.65,3113,6617
8.1,8,300,2.3,0.45,2272,4569
7.8,8,13103,2.1,0.59,277,739
7.4,8,207,1.5,0.53,1356,2872
7.2,8,198,1.4,0.57,677,1850
6.5,8.1,729,1,0.65,,
3,8.1,1086,,0.1,,
6.9,8.2,10910,,0.02,,
6,8,17990,,0.07,,
4.8,7.7,48500,,0.34,,
6.3,7.6,830,1.8,0.24,738,2020
7.4,7.6,104,1.2,0.09,,
6.9,7.8,440,3.4,1.21,,
5.8,7.2,732,8.5,3.83,1089,4838
5.6,7.4,1322,15.3,15,16750,41500
5.4,7.3,809,10,4.2,4278,8975
5.7,7.3,1103,14.3,13.75,20250,52500
5.7,7.5,906,24,14.18,7863,17625
3.5,7.4,1064,20,13.2,8000,14500
3.2,7.6,1197,27.3,19.2,20250,40250
4.7,7.3,1383,32.8,16.4,14388,42875
4.8,7.4,1063,16,5.03,3138,8025
5.3,7.5,1532,18.3,15.8,27000,63500
5.6,7.5,1269,34.5,12.15,22000,60000
5.4,7.4,1194,22,8.3,10000,35000
6.1,6.8,780,14.7,,,
6.1,6.8,773,14.7,,,
6,7,820,15.3,,,
4.8,7.9,650,3.2,0.68,6,62
5,7.3,390,2.8,0.14,4,20
8.3,7.6,334,1,0.49,9,16
8.2,7.7,316,1.2,0.48,11,20
3.1,7.8,1261,195.4,4.78,,
8.3,7.6,304,1.2,0.51,12,20
5.5,7.6,743,7.6,1.02,81,166
5.1,7.8,657,1.7,0.26,6,23
5.3,7.8,623,1.7,,,
8.7,7.1,252,4.9,,,10
5.1,7.2,17,1,,,10
10,7.4,157,0.6,,,5
5.9,7,164,1.6,,,74
6.1,7.3,141,1.4,,,63
5.6,7.1,427,1.4,,,175
4.7,7,527,1.9,,,42
5.5,8.6,116,4.5,,,113
6.8,6.8,160,1.5,,,23
7,7.4,47,1,,,5
7.3,7.8,116,1.2,,,10
5.5,7.3,179,1.2,,,75
4.7,7.4,220,1.6,,,140
4.9,7,180,1.2,,,10
5.8,7.8,367,6.2,,,95
5.8,7.4,249,1,,,37
6.2,6.9,182,2.1,,,8
5.5,7.7,356,1.2,,,202
5.1,6.9,190,2.3,,,33
5.2,7.1,164,2.8,,,20
4.6,7,188,2.8,,,18
5.6,6.6,165,1.9,,,23
1.9,6.8,484,15.3,,,1075
2.5,7.1,424,16.7,,,682
5.5,6.9,118,2.8,,,10
6,7,100,4.2,,,10
4.9,6.9,93,3.6,,,25
4.8,7,167.1,2.8,,,
5.4,7.2,211,1.1,,,78
6,7.5,231,1.1,,,10
5.6,7.1,319,4.4,,,15
5.7,6.9,261,2.3,,,53
9.9,7.1,163,1,,,35
6.1,7.6,163,4.5,,,25
5.1,6.9,170,2.5,,,10
3.8,7,192,3,,,23
7.8,7.2,139,1.9,0.56,263,359
6.5,3.1,489,6.1,0.52,32,47
7.3,7,162,2.2,0.69,2085,2633
7.8,7.1,136,1.9,0.52,303,409
7.7,7.1,205,7,0.84,303,461
8.1,7.1,267,1,0.11,2,12
8,7,278,1.1,0.11,3,18
6.9,7.2,268,1.1,0.11,6,37
6.8,7.1,286,1.3,0.11,8,29
6.6,7.8,149,1.8,,209,340
6.3,8,164,3.4,0.3,380,528
6.6,7.9,196,4.4,0.8,425,648
5.6,7.5,15608,25,18.73,5,5
3.7,7.5,39503,13.5,25.71,,
4.7,7.6,46170,21.5,19.69,,
5.8,7.8,378,,2.61,,
6.6,7.7,489,,2.66,350,350
6.6,7.4,492,,3.6,,
6.2,7.8,359,,3.67,4,
5.8,7.7,8757,,10.45,4,4
5.1,8.1,533,3.7,0.45,3900,7500
7.1,8,555,2,0.35,7500,15000
6.8,8.2,26600,3.1,0.62,9000,23000
8.1,7.6,938,8.6,0.4,22,108
6.2,7.8,7778,2.7,0.26,2880,6581
,7.2,1440,46,0.2,80,330
3.2,7.7,885,6.3,0.51,3900,9575
6.6,6.5,58,1.8,0.87,0,53
6.6,6.6,145,1.5,0.65,4,98
6.3,6.6,55,1.8,0.36,8,140
6.4,6.4,188,2,0.44,15,153
6.9,6.2,61,1.7,1.07,7,117
7.2,6.1,62,2.6,0.92,8,123
6.9,6.6,154,1.9,0.83,17,173
7,6.3,742,1.6,0.42,8,139
7.6,6.2,62,1.1,0.38,12,160
7.1,6.2,69,1.4,0.56,7,141
6.8,6,93,1.9,0.75,9,136
7.1,6.2,89,1.4,0.68,6,119
6.3,6.2,110,1.5,0.59,8,157
6.2,7,77,1.8,0.46,11,173
6.2,6.8,67,1.7,0.61,8,145
6.9,6.5,62,1.4,0.6,10,107
6.7,6.2,62,0.9,0.57,8,187
6.8,7.9,119,3.5,0.58,286,517
7,7.7,88,3.2,0.13,8,17
6.9,7.3,70,3.4,0.19,,
7.4,7.2,77,3,0.23,,
7,7.4,3113,4,2.16,95,350
5.5,8.1,363,8.4,2.15,16,69
6.9,7.5,86,3.6,0.4,316,582
6.4,7.4,621,37.8,1.79,413,728
5.2,7.9,42354,9.5,1.1,126,253
6.9,7.4,73,3.5,0.27,482,659
3.4,7.4,17842,31.5,3.32,1767,1767
7.4,8.1,254,2.2,0.15,3,75
6.7,7.4,125,3.7,0.4,514,820
6.6,7.5,129,3.9,0.4,129,381
6.1,7.3,515,5.1,2.02,82,212
6.6,7.4,122,3.6,0.46,172,361
6.5,7.3,131,3.8,0.79,108,261
6.7,7.3,130,3.4,0.57,133,318
6.6,7.4,95,3.7,0.53,147,217
6.8,7.7,143,3.6,0.43,38,109
6.3,7.5,10825,2.9,1.93,5,101
7.1,7.4,185,2.2,0.63,4,80
6.7,7.5,1439,2.5,1.47,4,113
6.6,7.5,185,2.4,0.3,6,113
6.7,7.8,3521,2.4,1.02,3,90
7.1,7.7,193,3.1,0.53,41,92
7.1,7.9,175,3.1,0.47,31,86
7.1,7.8,174,3.3,0.44,33,83
7.2,7.5,308,4,0.15,,
6.4,7.7,153,3.6,0.77,504,592
7,7.7,111,3.4,0.42,179,359
6.6,7.6,209,3.4,0.68,97,243
7.5,8.2,296,3.5,0.14,,
6.9,7.5,119,2.2,0.42,2,71
6.8,7.7,116,2.3,1.33,3,74
7,7.7,118,2.1,0.5,3,64
5.2,6.6,453,1.5,0.38,644,4613
7.2,6.8,35,1.1,0.24,513,3483
7,7.1,62,0.5,0.44,385,617
7,7.1,5228,0.6,0.34,240,455
7.2,7,51,0.6,0.26,285,522
6.7,6.9,62,1.2,0.46,385,2193
6.5,6.5,118,1.1,0.52,610,3080
0.6,7,1787,14.1,1.49,8542,17500
6.6,6.8,49,0.9,0.56,448,913
6.8,7.3,67,0.6,0.4,598,935
7.3,7.4,104,0.6,0.44,245,430
6.5,6.7,39,1.2,0.26,562,4823
7.2,6.5,45,0.9,0.46,1225,1825
7.4,6.9,65,0.9,0.56,575,1455
6.5,6.5,60,1,1.62,420,900
6.6,6.9,57,0.9,0.37,319,650
7.1,7,84,1,0.66,985,1485
7.5,6.8,56,1.3,0.6,178,540
5.4,6.7,100,0.9,0.42,463,810
7,6.9,66,0.7,0.45,465,900
7.1,6.9,75,0.6,0.73,300,583
6.5,6.7,70,0.9,1.25,370,800
6.7,6.6,102,0.8,0.12,295,900
7.1,6.8,27,0.6,0.22,86,198
6.9,7.1,46,0.5,0.33,225,373
6.7,6.8,8291,1,0.53,108,250
6.2,7,12342,1.4,0.27,670,1600
7.5,7.3,53,0.8,0.31,1253,2225
7.6,7.3,62,1,0.63,1175,2180
2.2,6.4,625,2.3,1.29,1125,6505
7.4,6.7,55,0.7,0.51,281,1088
7,6.8,103,0.7,0.43,225,640
5.3,6.9,109,1.3,0.66,305,685
6.3,7,1392,0.7,0.85,230,535
6.7,7,71,0.5,0.29,208,433
6,6.4,57,1.4,0.61,193,303
4.2,6.6,93,1.7,0.56,253,385
5.1,6.7,88,1.9,0.63,405,713
5.3,6.4,4912,1.1,0.11,345,788
6.9,7,84,0.9,0.08,300,803
2.8,7.4,18256,1.6,0.47,1050,2300
5.3,7.2,9753,0.9,0.26,1600,2650
6.5,5.8,67,0.4,0.54,123,520
6.9,6.1,86,0.6,0.49,73,183
7,6.6,59,0.8,0.42,123,418
5.6,6.4,7904,1,0.4,165,278
6.8,6,55,0.5,0.25,590,910
6,5.9,105,1,0.63,73,195
6.3,7,2759,1.4,0.22,963,1400
6.5,7.6,312,1.1,2.41,3,354
6.4,7.7,203,1.1,3.34,3,357
7.3,7.3,308,4.2,2.43,116,185
6.8,7.8,23761,1.9,0.67,145,460
7.5,8.1,228,2.1,0.4,3390,5850
7.7,8.1,243,1.6,0.71,1930,4450
7.6,7.9,191,1.4,0.13,1188,1985
7.5,7.9,237,1.8,0.45,1225,2425
7.4,7.7,865,1.9,0.3,1300,2675
6.7,6.9,132,1.2,0.32,953,1823
7.1,7.9,211,1.4,0.48,1065,2098
6.7,7.9,182,1.1,0.24,735,1510
7.4,8.8,434,2,0.05,,
6.4,8.3,565,2,0.05,,
6.9,8.8,238,4,0.05,,
6.3,6.6,425,,,,
7.4,7,75,1.6,0.05,78,118
7.2,6.8,70,1.8,0.09,78,148
6.6,7,119,2.5,0.33,233,374
6.9,7,236,1.9,0.25,83,157
7,6.9,73,1.7,0.4,87,144
7.2,6.9,75,1.5,0.2,83,128
6.9,7.2,385,2.3,0.13,108,196
6.4,7.6,860,3.3,0.4,253,379
7.6,6.6,166,2,1.8,90,140
6.9,7.2,308,1.9,0.49,60,170
6.8,6.7,247,2.1,1.84,280,500
6.6,6.9,359,2.3,0.59,110,280
6.5,7.6,450,18,12,,
6.1,7.8,825,16,14,,
6.5,8.4,240,2.7,0.62,,
6.9,7.8,480,18,16,,
5.6,6.7,807,10.8,2,1825,7500
4.9,6.8,1097,26.5,4.8,14000,46250
4.9,6.6,834,13.1,2.6,2875,9500
5.2,6.7,1027,28,5.9,17500,57500
3.3,7.9,897,1.3,0.97,5,12
4.9,8,510,1.2,0.35,4,8
5,6.9,1172,25.5,3.8,15500,48750
4.8,7.8,599,534.5,3.75,2200,5000
4.7,6.7,906,25.3,7.7,23500,47500
5.4,6.8,883,15.4,5.1,9500,21750
5.1,7.6,1069,26.5,6.6,20250,49250
4.2,7.6,1168,31.8,7.6,20000,46500
4.8,6.6,905,15,3.3,6000,10500
4.5,6.6,1269,30.3,4.1,21000,42750
4.7,6.7,1216,26.8,3.7,13250,31500
5.2,7.3,465,0.9,0.59,4,9
7.8,8.2,410,1.2,0.1,16,32
6.7,8.12,396,1.53,0.15,10,29
8,8.1,403,0.8,0.1,12,25
4.88,7.94,149,2.65,,,165
5.67,7.02,153,1.67,,,22
6,6.9,300,2.23,,,91
6.15,7.45,234,2,,,222
2.7,7.35,357,8.45,,,636
2.98,7.52,422,5.53,,,531
5.48,7.42,180,2.08,,,136
5.13,7.46,162,2.23,,,211
7.85,7.13,254,6.68,3.35,345,488
6.58,6.5,655,5.93,4,40,60
7.58,7.03,191,2.08,2.65,2350,2900
8.23,7.05,137,1.4,3.2,243,323
8.23,7.38,143,1.55,3.55,255,360
6.6,7.3,210,1.3,,8.5,242
6.8,7.2,220,1.5,,,97
6.8,7,317,1.5,,8,45
6.4,6.7,323,1.4,,19,205
6.5,7.7,146,1.6,,302,390
6.2,7.7,176,3.5,0.2,532,592
6.3,8,198,4.2,0.3,524,686
7.3,7.4,332,0.7,0.3,6,12
6.5,7.5,21417,16.4,0.4,15,37
6.1,7.3,11855,12.5,18.6,180,902
6.3,7.4,24506,136,16.9,158,698
5.9,7.5,25343,56.5,7.7,180,1800
6.6,7.8,371,,4.1,180,1800
6.2,7.4,368,8,3.2,265,1075
6.7,7.7,354,4,2.6,137,947
6.8,8,374,21,1.5,180,1800
5.9,7.4,7173,12,58.1,7,607
7.3,7.4,332,0.7,0.3,6,12
5.7,8,601,7.4,0.5,14600,28666
4.7,8.3,753,3.7,0.5,9166,21333
5.8,7.8,16177,3,0.5,10100,25000
2.5,7.5,1108,6,0.6,16,85
6.1,8.1,14921,3.2,0.3,4300,23625
0.6,7.1,3115,36.5,1.7,4450,15425
3.2,7.8,5073,5.8,0.2,833,1366
4.2,8.2,901,6.7,0.4,9750,21500
2.9,8.3,11405,5.6,0.1,49,148
5,7.7,47156,3.1,0.1,41,114
7.2,6.3,14100,1.6,0.41,13,17
5.5,7.8,401,1.3,0.21,2,5
6.2,6.9,11000,1.3,0.48,13,17
6.5,6.8,30190,2.3,0.04,5,8
8.1,7.7,7400,2.6,0.1,79,130
7.8,6.4,609,2.3,0.08,49,70
7.8,6.4,90,2,,13,17
7.2,6.5,8240,1.6,0.25,17,46
4.2,7.6,5543,0.7,0.18,2,8
6.5,6.4,505,1.6,0.13,8,13
7.4,6.9,3844,2,0.15,5,10
5.4,7,7692,1.7,0.92,29,48
6.6,7.2,692,1.9,0.34,105,175
5.1,7.5,,2.3,0.38,1201,1754
7.3,6.8,20640,2.5,0.42,87,162
7.2,6.9,5350,2.2,0.28,134,206
7,6.8,4800,3,0.32,69,126
5.5,7.7,8092,7.6,0.72,410,800
6.9,7.6,136,3.8,0.26,143,309
6.9,7.7,120,3.9,0.37,207,280
6.7,8,111,3.6,0.31,45,143
6.9,7.3,229,3.8,0.68,108,257
6.8,7.5,171,3.8,0.34,88,199
6.9,7.3,183,2.2,1.25,2,56
3.3,7.6,29464,19.4,1.78,1195,1536
5.4,7.2,925,11.7,0.78,279,512
6.2,7.2,13848,2.5,4.11,6,127
7,7.4,225,3.8,0.26,152,375
6.6,8.1,102,3.9,0.26,165,345
8.1,6.3,1414,1.1,0.31,100,690
6.9,6.8,41,0.8,0.22,261,1487
6.9,6.9,78,0.5,0.23,393,703
6.7,6.9,5507,0.6,0.28,433,715
7.3,7,49,0.7,0.66,228,445
6.7,6.7,67,1.3,0.4,309,1025
6.5,6.6,109,1.2,0.37,142,679
0.7,6.6,4235,12.5,1.48,40833,59417
6.9,6.5,108,1,0.42,540,1083
6.4,6.6,48,1,0.25,154,603
7.2,6.7,109,0.8,0.44,1000,1400
6.8,7.1,61,1.5,0.5,130,485
6.1,6.7,244,0.9,0.33,655,1113
6.8,7,62,0.6,0.93,240,434
7.1,7,59,0.8,0.71,540,890
7.4,6.6,64,0.7,0.29,288,1425
6.4,7,79,0.8,0.73,271,493
7.2,6.7,73,0.9,0.28,335,2150
6.2,7,83,0.6,0.93,282,505
6.1,6.7,55,1.4,0.55,825,1450
6.6,6.5,79,0.8,0.13,195,650
6.9,6.7,198,0.3,0.2,40,180
7.3,6.5,44,0.5,0.21,233,400
6.2,6.6,15738,1,0.93,233,360
5.2,7.1,18459,1,0.13,518,918
7.4,7,45,1.1,0.11,1043,1933
7.6,6.7,52,1.1,0.11,613,963
2.9,6.3,841,2,1.07,430,913
6.6,6.7,72,0.7,0.32,463,1655
6.4,6.7,122,0.7,0.34,343,1630
5.4,6.6,102,0.9,0.26,240,1913
6.2,7,5656,0.9,1.05,162,289
6.9,7.1,71,0.5,0.26,125,246
6.7,6.5,55,0.9,0.6,265,500
5.7,6.7,127,1.9,0.35,221,473
6,6.9,77,1.8,0.61,290,500
5.2,6.1,4968,1.1,0.14,235,820
7.4,6.4,78,1.2,0.12,280,720
3.5,7.3,20430,1.3,0.62,560,1290
6,7.1,13257,1.1,0.14,750,1465
6.4,6.1,62,0.7,0.28,213,425
6.6,6.3,59,1,0.16,248,385
7.1,6.4,59,0.9,0.13,178,275
6.4,7.1,7035,0.8,0.19,110,195
7.3,6.2,51,0.9,0.21,195,340
6.8,6.5,80,0.8,0.26,53,100
6.4,6.7,3131,2.2,0.12,820,1055
5.8,6.5,59,1.5,0.13,1800,2788
5.2,7.2,19885,1.2,0.18,843,2275
7.7,6.8,67,0.9,0.08,1740,2257
5.7,7.2,19085,1.4,0.09,1845,2785
6.7,6.3,177,1.2,0.2,1583,2807
6.4,6.4,4165,1.2,0.13,168,303
6.2,7.6,498,0.4,0.28,613,1400
6.8,7.5,119,0.4,0.18,478,918
7.1,7.6,161,0.5,0.19,710,1675
5.9,6.7,70,1.7,0.5,74,428
5.8,6.5,864,1.5,0.37,199,876
4.7,6.6,69,1.8,0.26,234,1083
6.5,6.6,1204,1.2,0.24,175,689
1.4,6.2,129,2.2,0.48,351,882
1.5,6.3,73,1.5,0.12,298,1225
7,7.5,226,1.1,2.3,3,83
7.7,8.1,330,1.9,0.9,1675,3025
7.5,7.9,20786,1.3,0.6,613,868
7.2,8.2,315,1.7,1.7,2600,4275
7.6,8.1,301,1.5,0.5,2360,4175
7.3,8,225,1.3,0.5,1295,2175
7.4,8,238,1.9,0.2,2950,5975
7.2,7.7,835,2,0.7,1550,2750
7.2,7.8,169,1.3,0.4,328,690
7,8.1,240,1,0.4,785,1525
7.4,8.1,153,1.7,0.5,505,1105
7.7,7.8,220,4,11,,
7.1,7.6,406,3,15.8,,
6.8,7.4,309,7,15.3,,
5.1,8.4,4120,3,108.7,,
7.6,7.9,446,2.6,1.4,,
7.4,6.8,337,1.3,0.1,115,208
7.5,6.7,180,1.3,0.1,100,176
6.9,6.8,127,2.4,0.1,222,357
7,7,305,1.5,0.1,113,191
7.2,6.7,323,1.6,0.1,94,167
7.4,6.7,364,1.6,0.1,91,150
7.5,7.2,473,2.1,0.1,220,338
6.7,7.4,544,2,0.3,158,253
7,7.2,286,9.5,0.9,85,189
6.4,7,307,1,,457,507
6.6,7.1,250,1.5,,74,544
6.5,7.9,566,0.9,3.8,3,32
6,7.3,755,6,2.1,1000,4950
4.9,7.4,892,14,4.4,8000,75000
6.4,7.1,1085,8.5,8.1,,
5.6,8.1,905,11.5,7.1,,
5,6.7,813,7.5,2.2,1300,9000
5.6,7.3,964,14,4.2,8000,70000
5.7,7.4,968,9.5,3.1,5000,25500
5.3,7.4,779,10,3.1,7000,52500
4.8,7.4,825,19,4.6,9500,75000
2.9,7.3,1035,13,3.9,3050,27500
4.5,7.2,885,10.5,3.3,1100,12000
4.8,7.5,896,10,4.1,7000,70000
3.1,7.6,1130,11.5,4.1,9000,75000
3.1,7.6,1000,10,3.7,6000,62500
1.9,8.4,2187,354,5.4,,
7,7.8,350,2.5,,,
7.2,6.2,930,8,1.5,,
5.475,7.82,721.5,6.9,1.26,87.25,249
4.8,7.3,260,0.8,1.1,3,7
7.6,7.5,307,1.5,,,153
8.4,7.4,106,1.4,,,36
9,7.8,221,1.3,,,77
8.7,7.4,318,1.5,,,132
1.9,7.3,537,9.9,,,525
7.7,7.3,550,10.4,,,603
7.9,7.6,185,1.3,,,115
8,7.6,202,2.5,,,85
7.4,7.6,214,1.8,,,148
8.3,7.7,185,2,,,75
9.6,7.1,225,4.4,3,310,460
8.8,7.2,131,0.9,,,205
7.4,7.8,272,0.9,,8,295
7.5,7.8,327,1.2,,0,56
8.1,7.8,365,1.3,,13,33
7.9,7.5,350,1.8,,41,90
6.6,7.7,143,1.3,0,201,322
6.3,7.6,164,2.8,0.1,442,577
5.7,7.8,170,3.4,0.2,469,608
6.4,7.025,187.63,3.175,2.675,2225,2925
8.35,7.125,110.75,1.525,3.075,252.5,355
8.45,6.95,104.25,1.2,2.6,222.5,312.5
,7.6,281,,2.13,,
7.2,7.8,262,0.28,0.15,19,50
4.9,7.4,10362,9.7,0.64,14,29
5.1,7.8,530,2.73,0.6,64125,137000
6,8.2,612,2.28,0.4,28650,68650
6.1,8.1,8782,1.9,0.43,16100,38667
1.1,7.8,1076,7.67,0.63,28,77
6.8,8,3431,2.8,0.3,32120,49061
4.5,7.6,1161,7.43,0.53,99,259
6,7.3,8838,5.58,0.7,14,31
0,7.1,3080,46,4.8,3000,9000
2.8,7.9,663,5.93,0.97,150250,358000
5.6,8,1265,2.13,0.1,503,1693
4.1,7.9,4491,16.5,0.1,58,116
6.3,7.9,43983,1.83,1.22,105,188
6.6,7.8,37,2.25,0.01,10,13
6.8,7.1,11,1.65,0.07,22,33
6.5,7.5,28,4.55,0.05,20,44
7.1,8,49,1.25,0.02,3,7
7.6,7.3,93,0.95,0.03,240,350
7.4,7,67,2.45,0.13,467,809
7,7.3,89,1.5,0.02,30,42
5.4,7.3,75,1.8,0.06,350,2400
6.7,7.2,95,1.4,0.1,18,22
6.8,6.9,58,1.9,0.03,25,53
5.6,6.8,67,1.9,0.06,82,137
5.2,7.2,29,1.65,0.04,37,144
6.2,7.1,146,2.1,0.09,920,2400
3.6,7,29,2,0.09,33,170
6.8,7.2,1370,2.6,0.08,33,110
8.1,7.1,335,3.2,0.21,1300,5400
6.3,7.6,119,3.67,0.37,157,781
6.4,7.6,109,3.4,0.42,95,316
5.9,7.2,119,4.04,0.65,133,223
5.3,7.7,109,3.25,0.38,165,296
6,7.8,301,5.43,0.3,166,1050
6.6,7.2,131,4.5,0.83,285,737
6.8,7.2,110,3.9,0.49,480,1036
6.7,7.6,109,4.13,0.28,260,624
5.2,7,478,16.3,0.35,500,1008
6.9,6.6,291,1.96,1.4,4,104
0.7,7.3,12697,45.6,1.32,642,1259
6.8,6.6,6232,2.13,2.72,6,106
6.2,6.5,1638,1.5,0.8,349,816
7.3,6.6,36,0.6,0.41,304,1056
6.4,6.7,41,1,0.75,443,1179
5.1,6.8,52,1.6,0.22,555,1680
6.8,6.7,183,1.3,0.28,358,1748
6.3,6.3,115,0.9,0.5,455,2865
7.2,6.7,455,1.1,0.28,245,753
6.8,6.9,80,0.4,0.52,207,508
6.8,7,4515,0.4,1.53,184,427
7.7,7.2,47,1,2,253,452
7.1,6.8,57,1.5,1.12,230,681
6.6,6.3,148,1.2,0.93,190,935
1.8,6.8,2012,5.5,1.8,20458,31167
6.7,6.2,40,0.6,1,425,1100
5.8,6.3,65,1.1,2.97,525,1200
5.1,6.3,50,1,3.1,700,1600
6.6,6.2,42,0.6,1.97,475,925
6.6,6.4,43,0.7,3.13,400,975
6.7,6.4,50,0.5,3.6,500,1175
6.6,6.3,46,0.6,1.07,624,1010
5.9,6.4,54,0.7,3.53,375,985
7.6,6.7,55,0.7,4.17,295,1575
6.5,6.7,72,0.8,2.83,30,775
7.3,7.4,71,0.7,4.1,490,940
6.3,6.7,79,0.7,2.03,190,702
6.9,6.6,33,0.4,1.4,0,28
6.8,6.7,46,0.4,1.47,30,150
5.9,7.1,6666,0.7,4.13,118,393
6.4,7.1,17771,1,5.2,760,1865
7.3,6.7,62,0.9,2.8,293,920
7.6,6.6,61,0.5,3.4,85,503
2.4,6.7,221,2.1,3.97,220,660
7.1,6.8,89,1.2,0.4,620,1600
6.4,6.7,110,0.5,0.2,1400,3200
3.5,6.9,105,0.7,0.15,265,800
7.4,7.3,155,0.8,1.2,570,920
6.8,6.9,77,0.9,1.8,215,470
5.5,6.5,75,1.9,0.1,1300,2100
5.4,6.5,102,4,0.1,320,680
4.8,6.8,90,1.1,0.1,730,1090
5.8,6.3,87,0.7,0.1,633,1500
7.3,6.6,57,0.4,0.25,297,883
5.8,7.5,18291,0.8,0.25,435,1000
6.2,6.7,2497,0.5,0.15,510,1100
7.3,6.1,45,0.7,0.2,150,1050
7.6,6.3,39,0.5,0.2,1040,2588
7.7,6.6,31,0.3,0.15,490,1300
5.4,5.9,595,0.8,0.1,570,1375
7.4,6.1,30,0.9,0.3,690,1050
6.6,5.9,37,0.7,0.1,540,1725
6.5,6.5,1135,0.7,0.25,850,1850
7.2,5.9,39,0.8,0.55,440,1500
6.3,6.5,925,1.1,0.3,830,1550
7.6,6.6,50,0.6,0.25,1660,3000
7.3,6.5,64,1.4,0.5,1280,2850
7.5,7,74,0.8,0.1,1400,2800
4.4,7.3,428,0.4,0.15,285,1090
6.8,7,169,0.4,0.25,255,560
1.7,6.2,181,3,0.45,672,2208
3,6.1,80,2,0.13,268,1240
6.9,7.8,469,0.89,0.86,152,5874
7.7,8.1,266,1.83,1.01,1950,3175
6.8,7.8,16468,1.65,2,440,775
7.5,8.2,233,2.5,0.89,2600,4300
7.6,8.1,233,1.35,1.43,2025,3200
7,7.6,593,0.25,1.95,,
7.6,6.6,118,1.15,0.15,70,180
6.8,6.6,179,1.88,0.2,118,253
6.8,6.7,172,2.14,0.19,263,402
6.9,7.1,260,1.78,0.13,110,200
7.3,6.6,94,1.27,0.17,73,150
7.4,6.7,88,1.03,0.15,89,173
7.2,7.2,439,2.28,0.14,236,415
6.8,7.6,749,2.25,0.36,424,699
6.9,7.3,252,4.33,1,322,858
7,7.3,46,1,,49,707
7,7.3,40,1,,12,81
7.7,8.1,195,1.1,0.7,0,10
8,8.2,572,0.5,,12,26
3.8,7.8,1424,155.6,0.66,,
4.9,7.8,704,3.5,,57,375
5.9,7.2,703,5.4,2.05,1950,21000
5.3,7.4,1095,27,3.35,48000,217500
6.7,6.9,1094,17.1,19.4,,
6.2,7,1312,22.3,17.7,,
5.7,7.3,732,10.7,2.4,5450,45500
5,7.2,983,26.1,3.05,32250,135000
5,7.3,748,7.4,2.65,12500,90000
5.1,7.2,760,13.5,2.55,22000,122500
4.5,7.2,856,23.8,3.45,34000,232500
4.4,7.2,1184,18.1,3.75,17250,70000
4.5,7.4,1186,22.7,3.07,13000,78333
5.2,7.5,1036,28.5,3.55,28750,155000
5.5,7.6,973,27.8,3.33,130500,392500
5.6,7.6,951,25.8,3.23,22500,712500
6.4,7.9,378,4.1,0.94,,
6.8,7,970,25.3,20.2,,
5.4,7.8,438,1.7,0.41,3,6
7.9,6.7,120,1.2,,,135
6.2,7.3,135,1.8,,,113
8.2,7.6,176,1.9,,,135
6.6,7.4,112,1.2,,,91
7.9,7.8,196,0.8,,,73
9,8,269,1.8,,,155
,8,698,,,,
9.6,7.6,633,,,,30
3.2,6.8,389,26,,,633
5.5,7.5,375,24,,,383
5,3.2,630,7,2.5,27,33
7,7.8,122,0.65,,,3
7.2,7.8,130,0.93,0.1,,3
6.6,8,151,0.98,,,6
6.7,7.9,188,1.03,,,8
6.1,7.7,120,1.36,,264,350
5.4,7.3,141,2.67,0.08,285,510
5.8,7.8,161,2.93,0.1,518,588
,7.6,253,,2.8,,
7,7.7,448,0.4,0.2,17,42
4.8,7.5,20360,8.8,0.2,23,65
4.9,7.7,904,3.6,,13950,32750
6.4,8,477,2.4,,12325,22825
6.7,7.9,14111,2.9,,10725,21000
5.7,7.6,868,4.2,0.4,5,57
6.2,8,899,3.1,,10275,16500
4.8,7.6,14426,10.4,0.1,32,148
6.2,7.4,29920,3.6,0.2,14,41
,7.5,5414,359,0.1,3,14
4.2,7.8,589,4,,23575,50250
6.8,7.5,2870,2.5,0.1,582,1114
6.5,6.9,1690,1.5,0.1,555,1331
6.5,7.1,3110,1.6,0.1,1243,2056
6.4,7.7,44000,2.3,0.1,814,1287
7.2,7.2,70,1.6,0.1,1554,2887
7.2,6.8,60,2.1,0.1,5778,10403
7.4,7.1,80,1.4,0.1,475,1010
7.2,6.9,80,1.3,0.1,1009,1938
7.4,7,66,2,0.1,700,1451
6.3,6.6,66,1.6,0.1,1427,3293
6.4,7.3,103,4,0.24,126,753
6.7,7.4,103,3.9,0.22,64,644
6.6,7.5,97,3.7,0.25,16,169
5.7,7.2,531,5.3,0.75,116,456
6.4,7.1,113,3.9,0.47,60,400
6.6,7.2,88,3.9,0.45,228,1146
6.2,7.3,117,4,0.5,169,638
5.5,6.6,1314,1.7,0.4,290,668
7.5,6.8,32,0.8,0.3,200,738
6.7,6.8,42,1,0.4,230,804
6.9,6.7,73,0.5,0.2,688,1242
6.8,6.9,7920,0.5,0.2,391,813
7.4,7.2,49,1.1,0.3,327,641
7.2,6.8,58,1.5,0.3,173,556
6.8,6.6,115,2,0.5,148,635
0.8,6.8,2156,7.4,1,14825,20733
7.1,6.1,34,0.6,0.5,1300,1975
5.9,6.2,52,0.5,0.6,1100,1775
5.1,6.2,55,1.1,0.4,1275,2000
6.7,6.2,43,0.7,0.4,1325,2100
5.8,6.2,34,0.6,0.3,975,1625
6.4,6.2,39,0.7,0.4,1375,1900
6.6,6.3,41,0.6,0.3,1033,1442
5.4,6.2,47,0.7,0.5,1250,1825
6.7,6.7,80,1.3,0.5,1655,3050
6.4,7,112,1.4,0.7,3850,5725
6.3,7.1,83,1,0.4,643,1080
6.2,6.5,95,0.8,1.2,1075,2550
6.9,6.4,41,0.5,0.2,83,285
6.8,6.5,51,0.5,0.2,98,435
6.6,6.9,11654,0.7,0.3,338,963
7,7.2,11962,0.3,0.3,68,550
7.5,6.9,52,0.5,0.2,138,685
7.4,6.8,68,0.3,0.2,160,725
2.8,6.6,1239,2.3,0.6,263,645
6.2,7.6,380,0.5,0.5,1318,24583
7.9,7.9,382,2.1,0.21,993,2700
8.1,8,21030,1.7,0.51,146,463
7.2,7.7,244,1.2,0.51,980,1793
6.7,7.6,231,1.5,0.56,1460,3133
7,8.1,637,3.5,1.2,,
7.5,6.5,65,1,0.15,108,319
6.8,6.5,88,0.9,0.11,111,233
6.8,6.5,128,1.8,0.15,295,507
7.8,7.2,250,1.9,0.15,128,249
7.2,6.4,71,1.2,0.12,67,165
7.4,6.5,71,1.5,0.12,98,189
7.6,7.1,428,2.5,0.15,226,443
6.8,7.2,856,2.1,0.32,213,348
7.3,7.3,152,2,1.28,333,998
6.9,7.2,58,1,,14,55
7,7.2,56,1,,4,16.5
7.9,7.9,385,2.5,0.25,11,24
3.9,7.9,2422,74.8,0.78,,
4.9,7.6,972,19.6,1.8,328,718
7.4,7.5,413,2.1,1.23,1663,10775
6.1,7.8,632,8.1,2.9,37250,162500
4.9,8.1,852,26.3,18.1,,
4.5,8.3,996,25.3,15.8,,
6.7,7.6,425,7.4,2.88,22250,78750
6.3,7.7,619,7.3,3.28,28250,125000
6.4,7.7,439,4.2,2.2,60275,440750
6.5,7.7,686,9.8,2.6,19750,105000
6.4,7.8,754,13.8,2.53,56500,227500
6.3,7.7,615,8.2,3.7,34500,622500
6.2,7.6,457,3.7,2.23,8633,49000
6,7.8,690,9.6,3,16250,117500
5.9,7.8,692,11.1,3.5,94000,222500
5.9,7.7,699,10.4,3.33,60500,967500
6.5,8.2,1315,2.2,0.05,,
6.6,8.2,895,26.3,15.5,,
,7.2,,50,0.27,,
,7.4,,50,0.4,,
1,7.3,,49.7,0.6,,
5.6,7.4,168,2.2,0.38,5,16
6.7,7.9,135,0.4,,,3
6.5,7.9,195,0.6,,,3
7.3,7.8,219,0.5,,,
7.7,7.9,227,0.4,,,15
6.2,7,132,1.6,,,102
6.4,7.4,137,2.1,,,58
6.4,7.6,200,1,,,36
7,7.6,210,2.4,,100,137
3.6,7.2,249,4.9,,,383
3.7,7.5,224,4,,,394
7.1,7.3,156,2,,,89
7.1,7.2,127,2,,,60
5.8,7.6,258,1.7,,,118
8.4,7.9,383,0.8,,,180
8.1,7.2,221,5.4,1.95,213,373
6.1,3.1,738,5.5,2.73,32,45
8,7,164,1.7,1.6,1600,2067
5.4,7.2,153,1.7,1.78,213,278
7,7,161,1.7,2.43,250,375
5.2,7.4,120,1.4,0.05,203,280
4.7,7.4,139, ,0.11,308,440
5.4,7.4,128,3,0.06,353,565
6.9,7.2,233,1.5,,,119
,7.61,168.2,,10.3,,
7.102,7.945,307.5,1.525,0.11,26,50
3.487,7.015,25950,9.2,0.228,378,1400
5.35,7.935,735,4.7,0.835,27650,15000
7.05,7.995,535,4.7,1.195,13400,33500
6.5,8.14,16410,5.3,1.397,9200,2400
,7.885,896.5,15,0.42,3,10
5.6,8.173,3660,4.6,0.46,4500,6867
6.085,7.695,933,3.2,0.153,450,1550
6.055,7.605,6715,4.3,0.222,45,140
,7.215,15580,431.5,0.395,7,8
7.93,8.32,2160,1.46,0.277,4,5
4.9,7.943,504.7,3.1,0.603,1810,2367
6.625,7.725,149.3,2.175,0.123,2,60
5.175,6.95,464,1.5,0.7,75,255
6.4,7.45,142.8,2.025,0.155,1787,4073
6.2,7.9,218,1.575,0.615,,85
7.4,6.733,344.3,1.7,0.9,33,160
7.6,6.775,213.3,1.3,0.173,133,3275
7.35,7.1,214.8,1.425,0.15,41,285
7.675,6.875,103.3,1.025,3.367,18,96
7.125,7.55,418.3,1.725,0.45,18,106
7,6.725,497.3,1.575,0.135,1956,5425
6.543,7.229,130.4,4.014,0.307,8,187
6.7,7.307,121.5,3.857,0.264,9,162
7.1,7.507,102.5,4.633,0.21,10,152
6.333,7.277,542,5.4,7.187,15,207
6.471,7.379,204.3,3.729,0.309,10,174
6.371,7.061,214,4.5,0.346,18,292
6.7,7.44,153.3,4.4,0.65,23,305
6.2,6.457,881.1,1.757,0.326,253,541
7.286,6.586,82.9,1.071,0.233,222,470
6.525,6.5,124.1,1.313,0.227,334,844
6.917,6.95,185.4,0.467,0.112,165,433
6.8,7.043,8489.9,0.414,0.153,238,473
7.075,7.25,107.3,0.988,0.369,238,384
7.013,6.712,151.4,1.4,0.397,262,485
6.787,6.65,119.3,1.637,0.4,294,574
4.1,6.775,511.4,6.788,1.373,2150,3100
6.9,6.8,224,0.733,0.438,2000,2500
6.867,6.833,292.7,0.633,0.575,1900,2400
6.467,6.6,240,1.033,0.66,2100,2733
6.667,6.933,268,0.933,0.893,2333,3300
6.967,6.933,268,0.833,0.4,1600,2233
6.733,6.867,324,0.933,0.455,1973,2233
6.714,6.957,143.4,0.671,0.449,1457,2171
6.733,6.733,242.7,0.9,0.743,1867,2833
7.233,6.867,75.7,1.1,0.853,1600,2300
6.233,6.9,104.7,0.867,1.267,1300,2233
6.867,7.067,336.7,0.533,0.285,60,455
6.433,6.667,339.3,0.6,0.292,440,967
7.033,6.533,141.3,0.533,0.135,193,740
6.633,7.067,237,0.633,0.45,337,800
6.833,7,18389,0.7,0.345,173,583
6.333,7.167,24535.7,0.7,0.332,140,447
7.033,7.033,241,0.267,0.232,345,1260
7,7.133,302,0.7,0.168,323,933
3.5,6.567,1285.3,2.133,0.347,220,443
6.243,7.253,405.6,0.857,1.269,3333,21469
6.9,8.2,211,2.8,2.12,1400,2200
7.8,8.5,197,0.6,3.01,1700,3500
7.3,8.6,528,0.9,4.8,,
7.95,6.565,188.5,1.5,0.08,24,66
5.8,6.6,107,1,0.265,25,58
6.975,6.725,144.3,1.5,0.22,34,98
5.35,7.19,216.3,1.325,0.263,11,31
7.525,6.61,93.3,1.5,0.283,10,26
7.15,6.56,141,1.1,0.25,22,73
4.325,7.045,547,2.075,0.25,25,109
6.925,7.633,552,2,0.217,325,570
6.825,7.125,299.3,3.667,1.525,316,771
6.7,7.267,92.7,1.333,,6,41
6.75,7.3,169.3,1.667,,29,47
5.87,7.84,895.5,4.35,,,
6.033,7.367,323.3,3.267,0.667,2390,6867
5.1,7.85,785,12,1.65,3050,36500
4.867,7.367,568,12,1.367,3500,27667
4.833,7.533,760,13.333,1.933,2300,30000
5.1,7.367,388,6.933,1.4,2723,43067
6.8,7.3,433.5,5.4,1.35,635,9250
4.2,7.367,758,14.667,1.7,34033,83667
5.533,7.3,453.3,9.333,1.567,35760,88333
5.2,7.3,391.3,6.267,1.4,23723,54067
4.2,7.733,825.3,21,1.4,10500,76667
4.033,7.667,855,21.333,1.767,17433,148667
4.133,7.633,811.3,20.333,1.667,38700,110333
5.35,7.55,682.5,17,20.45,,
4.05,7.85,773.5,16,19.35,,
6.25,7.9,770,14,19.4,,
6.65,7.875,914.5,43,0.824,9650,16900
7.2,9.01,340.5,4.6,2.955,12,23
6.27,7.89,3638,149.75,,,
6.1,7.1,,3.1,0.3,4,14
0.6,7.3,646,87,6.8,,
,7.9,1151,130,8.3,,
,7.1,912,126,6.7,,
7.2,7,183,5.2,2.6,140,180
4.6,3,350,6.2,2.2,33,49
8.8,7,172,1.6,5,1800,2800
10,7.1,150,1,4,240,350
9,7.3,158,1.8,7.2,220,280
7.767,7.543,,0.5,,,
7.167,8.143,,0.6,,,
8.533,7.857,170,0.4,,,
8.867,7.793,216,0.5,,,
5.6,7.65,375.2,1.758,1.995,2636,18417
,7.76,233.3,10.825,5.657,,
,,,1,1.01,1200,37000
,,,112,5.5,1200000,6400000
7.2,7.84,342.8,1.764,0.528,78,230
5,7.22,18370.3,19.663,0.452,9625,13525
6.2,8.11,480,11.333,0.39,14050,18810
7.2,8.07,580,4,0.37,150,280
6.2,7.98,11125,5,0.39,7147,50350
3.9,7.92,1039,14.847,1.412,6,36
7.2,7.42,246.9,4.632,0.791,10011,118311
6.9,6.44,302.9,2.304,0.231,12,116
7.8,6.69,255.9,2.754,0.348,13,140
6.7,7.35,346.1,1.893,0.973,13,148
8.3,6.68,348.9,2.503,1.686,13,155
8.1,6.18,187.4,2.375,0.196,12,155
7.7,6.55,121.8,2.242,1.136,13,164
8.6,6.56,181.4,2.423,0.276,24,155
7.7,6.45,302.5,2.144,0.163,10,142
7.4,6.07,142.8,1.681,0.276,12,140
7,8.16,4545,4.165,0.343,9593,27550
5.9,7.36,761,6.1,0.083,1200,4600
4.1,7.57,29369.3,7.08,0.302,1035,1993
3.9,5.27,5914,441.8,0.512,3,10
5.7,7.62,665,2.12,0.86,1050,6000
6.1,8,602.5,5.64,1.035,38143,38428
6.2,7.88,540.7,9.75,17.387,,1100
6.3,8.05,634.3,13,10.89,,75
7.1,7.2,280.5,1.6,0.48,74,95
7.4,7.27,253.3,1.333,0.17,,37
7.3,7.3,236.7,4,0.08,,58
5.9,6.6,1359.5,1.755,0.326,170,387
7.4,6.68,39.3,1.164,0.204,125,298
7.1,6.75,41.9,1.325,0.18,147,378
6.8,6.92,70.8,0.458,0.117,151,353
6.8,6.98,7179.1,0.475,0.206,211,466
6.8,7.03,36.8,1.117,0.146,118,624
7.2,6.76,59.8,1.692,0.449,127,357
6.2,6.63,106.8,1.275,0.444,128,360
6.6,6.77,250.7,1.383,1.54,2433,3383
6.9,6.95,51.3,0.625,0.518,1525,3100
6,6.75,641,0.975,0.792,1900,3600
5.4,6.85,73.3,1.075,0.457,4955,8375
6.7,6.93,65,0.675,0.77,2100,4200
6.9,6.85,56.3,0.575,0.383,1933,3400
6.5,6.98,59.3,0.575,0.345,1333,2600
6.8,7.06,63.3,0.567,0.404,1769,2825
5.8,6.73,73,0.7,0.315,1925,3500
6.8,6.8,69.8,0.7,0.61,1100,1775
7.1,6.83,80,0.7,0.835,850,1475
6.3,7.15,65.5,1.05,0.223,98,595
6.3,6.95,77.5,0.65,0.208,253,775
6.9,6.65,34,0.5,0.095,130,215
6.4,6.75,49.3,0.675,0.193,197,350
6.8,7.35,18568.3,1.15,0.14,215,660
6.8,7.08,19740.8,0.975,0.165,127,515
7.1,6.98,58.3,0.55,0.152,123,510
7,7.23,67.5,0.425,0.09,140,453
2.4,6.43,1041.3,2.025,1.05,133,373
6.7,7.56,128.4,4.942,0.447,11,250
6.8,7.68,123.2,4.475,0.4,12,236
6.5,7.33,135.8,4.4,0.33,13,208
5.1,7.45,5168.8,9.875,1.81,7,210
6.5,7.34,128.5,5.125,0.819,11,230
6.6,7.47,143.8,4.958,0.667,16,358
6.6,7.75,136.8,4.5,0.505,15,203
7.9,7.85,76.5,3,,,55
7.4,7,82.3,2.027,,,44
7,7.9,77.5,3.525,,,45
6.9,7.73,85.3,3.233,,,63
7.3,7.77,128.3,4.043,,,66
8,7.8,132,3.4,,,54
5.5,6.58,121.3,11.57,,,315
7,7.43,136.7,8.693,,,252
6.6,7.15,199,7.475,2.1,208,288
6.4,3.05,605,5.067,4.8,18,45
7.1,7.03,147.3,2.1,1,1675,2300
8.1,7.03,148.3,1.967,,230,307
8.3,7.1,152,2.133,,270,413
7.4,6.6,,,,,
6.8,6.3,,,,,
6.1,7.15,,,,,
7.5,7.2,,,,,
7.5,7.8,286.5,1.775,0.51,7448,17625
7.5,7.35,30683,2.25,0.745,1515,2145
6,7.55,214.5,3.125,0.895,2600,10950
6.3,7.43,201.3,2.175,0.76,2825,4500
6.1,8.33,868.5,,1.975,,
8.1,7.86,342.3,2.747,0.24,,
7.3,7.3,157,2.067,0.55,153,348
4.9,7.33,494.7,14.533,2.2,1233,18000
6.3,7.58,379.8,6.7,1.575,1640,4963
6.1,7.58,490,14.25,2.425,4875,27500
6.8,7.43,337.5,4.25,1.225,1175,3043
6.7,7.38,333.5,3.85,1.575,548,11050
5.9,7.48,428,8.35,2.2,4050,22025
6.5,7.4,361.8,4.3,1.9,1158,15875
6.9,7.4,322,3.75,0.975,200,3500
5.1,7.48,496.5,14.7,2.3,4325,23500
5,7.4,515.3,14.76,2.08,8860,37320
5.1,7.43,503.3,16.25,2.3,12938,44000
6.2,7.63,423.3,7,14.013,,43
4.4,8.23,390,1.39,0.08,14,150
4.2,8.52,380,1.26,0.16,28,1100
4,7.65,729,36,2.89,1190,2950
8,8.31,617,4.4,0.655,14,30
4.2,8.55,1184.7,341.833,4,,
5,7.92,160,1.443,0.153,17,149
7.5,7.53,87.3,1.407,0.567,32,133
6.6,7.27,162.3,3.555,0.292,46,156
6.8,7.12,172.3,1.723,0.198,62,283
6.7,7.6,277.8,1.229,0.183,12,33
7.1,6.94,95.8,0.943,0.151,10,26
7.4,7,88.5,0.977,0.186,27,105
6.6,7.81,603.2,2.675,0.263,40,191
6.6,7.49,571.5,2.091,0.256,151,273
5.4,7.16,75.8,2.092,,404,513
5.4,7.37,104.8,1.802,0.215,456,557
5.3,7.37,102.2,2.552,0.202,526,583
7.8,239,6.2,1.7,2.188,2.188,10720
7.5,442,6.7,3.4,,,132
7,430,6.4,2.4,,,175
7.2,216,7.1,1.8,,,167
7.9,352,4.5,4.2,,,158
7,86,7.8,4.7,0.1,0.1,145
6.8,65,7.5,1.8,,,171
7.1,101,7.8,2,0.1,0.1,138
7,78,7.6,1.8,,,145
7.2,60,8,1.9,,,151
6.6,76,7.1,1.9,,,169
,,,,,,
8,368,7.4,1,,,554
7.5,21331,3.6,11.7,,,14109
8.1,540,7.2,2.5,,,540
8.1,443,4,2,,,6477
8.1,467,7.1,3,,,107
7.8,1304,4.6,19.5,,,63
8,1708,7.8,3.5,,,2051
7.5,1175,5.7,4,,,3900
7.5,67115,5,5.5,,,3425
4,9948,0.4,513.5,,,35
7.7,1148,4.8,6.9,2,2,10050
8,590,4.8,1.8,,,2873
7.7,440,6.5,2.4,0.9,0.9,688
6.4,1579,5.8,1.7,0.513,0.513,959
6.8,62,7.5,1.5,0.221,0.221,892
6.9,44,6.8,1,0.151,0.151,734
6.9,62,6.8,0.4,0.21,0.21,802
7,9416,6.7,0.5,0.241,0.241,832
6.9,39,6.9,1.1,0.195,0.195,958
7.1,53,6.9,1.4,0.367,0.367,632
6.9,102,6.4,1.2,0.335,0.335,608
6.8,437,5.7,1.1,0.922,0.922,2933
7.3,58,7,0.6,0.367,0.367,3025
6.9,1835,5.9,1.2,0.61,0.61,2400
6.8,60,5,0.9,0.475,0.475,3050
7.2,80,6.8,0.8,0.252,0.252,12750
7,42,7.3,0.4,0.347,0.347,3800
7,51,6.7,0.5,0.3,0.3,2900
7.1,58,6.8,0.5,0.337,0.337,3000
7,63,6.4,0.6,0.278,0.278,3550
6.8,72,6.6,0.6,0.53,0.53,1350
6.8,83,6.5,0.9,0.417,0.417,1350
7,69,6.4,1.2,0.222,0.222,1400
6.8,88,6.9,0.9,0.307,0.307,1600
6.9,31,7,0.5,0.164,0.164,158
6.8,46,6.9,0.5,0.149,0.149,905
7.2,20850,6.5,0.9,0.477,0.477,1475
7,24336,6.7,1.1,0.529,0.529,620
7.1,77,7.2,0.3,0.411,0.411,985
7.1,76,7,0.4,0.167,0.167,735
6.5,3384,3.7,1.9,0.757,0.757,643
7.7,280,6.6,5.7,0.994,0.994,223
7.8,183,6.9,5,0.497,0.497,211
7.7,107,6.8,5.2,0.386,0.386,208
7.5,185,5.6,6.5,0.514,0.514,224
7.3,157,6,5.6,0.603,0.603,221
7.4,150,6.3,6,0.614,0.614,269
7.4,139,5.8,5.9,0.453,0.453,213
7.3,111,7.1,2.4,,,80
7.4,74,7.5,1.2,,,64
7.5,77,7.4,3.2,,,65
7.3,97,7.3,1.9,,,78
7.4,121,7.5,2.7,,,69
7.4,142,6.7,1.3,,,73
7.3,112,8.1,17.2,,,225
7.5,124,3.7,18.5,,,247
6.9,223,6.3,6.8,,,295
3.1,493,5.8,5.9,,,33
6.9,142,7.3,2.2,,,1573
6.9,145,7.8,1.8,,,245
7,145,7.3,2.3,,,363
8.1,569,8.2,1.6,1.028,1.028,6050
7.7,28598,7.7,1.7,0.962,0.962,3200
7.4,219,6.8,3,0.964,0.964,11300
7.2,198,7.2,2.1,1.03,1.03,4950
8,978,5.4,9,1.24,1.24,
7.6,203,6.3,1.9,0.107,0.107,109
7.2,150,7.5,1.3,0.142,0.142,327
7.3,178,6.7,1.5,0.138,0.138,190
7.1,214,6.8,2.3,0.585,0.585,350
7.5,293,7.2,1.2,0.568,0.568,35
6.9,146,7.1,2,0.506,0.506,38
7,136,7.5,1.4,0.609,0.609,205
7.9,738,7.2,2.7,0.518,0.518,202
7.5,585,6.3,2.6,0.155,0.155,315
7.6,98,6.2,1.2,,,570
7.7,91,6.5,1.3,,,562
7.6,110,5.7,1.1,,,546
